/*******************************************************************************
 * Size: 36 px
 * Bpp: 4
 * Opts: --bpp 4 --size 36 --font /build/lvgl_assets/assets/Rajdhani-Bold.ttf -o /build/lvgl_assets/assets\ui_font_RajdhaniBold36.c --format lvgl -r 0x20-0x7f --no-compress --no-prefilter
 ******************************************************************************/

#include "../ui.h"

#ifndef UI_FONT_RAJDHANIBOLD36
#define UI_FONT_RAJDHANIBOLD36 1
#endif

#if UI_FONT_RAJDHANIBOLD36

/*-----------------
 *    BITMAPS
 *----------------*/

/*Store the image of the glyphs*/
static LV_ATTRIBUTE_LARGE_CONST const uint8_t glyph_bitmap[] = {
    /* U+0020 " " */

    /* U+0021 "!" */
    0x1f, 0xff, 0xf9, 0x3f, 0xff, 0xfb, 0x3f, 0xff,
    0xfb, 0x3f, 0xff, 0xfb, 0x3f, 0xff, 0xfb, 0x3f,
    0xff, 0xfb, 0x3f, 0xff, 0xfb, 0x2f, 0xff, 0xfb,
    0x1f, 0xff, 0xfa, 0xf, 0xff, 0xf8, 0xf, 0xff,
    0xf7, 0xd, 0xff, 0xf5, 0xc, 0xff, 0xf4, 0xa,
    0xff, 0xf2, 0x3, 0xaa, 0x80, 0x0, 0x0, 0x0,
    0x0, 0x0, 0x0, 0x9, 0xcc, 0xb5, 0xf, 0xff,
    0xfa, 0xf, 0xff, 0xfa, 0xf, 0xff, 0xfa, 0xf,
    0xff, 0xfa, 0xd, 0xff, 0xf7,

    /* U+0022 "\"" */
    0x9f, 0xff, 0x40, 0x8f, 0xff, 0x48, 0xff, 0xf3,
    0x8, 0xff, 0xf4, 0x6f, 0xff, 0x10, 0x6f, 0xff,
    0x14, 0xff, 0xf0, 0x3, 0xff, 0xf0, 0x1f, 0xfd,
    0x0, 0x1f, 0xfd, 0x0, 0xff, 0xa0, 0x0, 0xff,
    0xb0, 0xd, 0xf8, 0x0, 0xc, 0xf8, 0x0, 0x9f,
    0x40, 0x0, 0x9f, 0x50, 0x0, 0x0, 0x0, 0x0,
    0x0, 0x0,

    /* U+0023 "#" */
    0x0, 0x0, 0x0, 0x0, 0xbf, 0xfa, 0x0, 0x1,
    0xef, 0xf7, 0x0, 0x0, 0x0, 0x0, 0x1, 0xff,
    0xf9, 0x0, 0x5, 0xff, 0xf5, 0x0, 0x0, 0x0,
    0x0, 0x5, 0xff, 0xf5, 0x0, 0x9, 0xff, 0xf1,
    0x0, 0x0, 0x0, 0x0, 0x9, 0xff, 0xf1, 0x0,
    0xd, 0xff, 0xd0, 0x0, 0x0, 0x0, 0x0, 0xd,
    0xff, 0xd0, 0x0, 0x1f, 0xff, 0x90, 0x0, 0x0,
    0xdf, 0xff, 0xff, 0xff, 0xff, 0xff, 0xff, 0xff,
    0xff, 0xfb, 0x0, 0xff, 0xff, 0xff, 0xff, 0xff,
    0xff, 0xff, 0xff, 0xff, 0xfd, 0x0, 0xff, 0xff,
    0xff, 0xff, 0xff, 0xff, 0xff, 0xff, 0xff, 0xfd,
    0x0, 0x69, 0x99, 0xff, 0xfe, 0x99, 0x9a, 0xff,
    0xfc, 0x99, 0x95, 0x0, 0x0, 0x1, 0xff, 0xfa,
    0x0, 0x4, 0xff, 0xf5, 0x0, 0x0, 0x0, 0x0,
    0x4, 0xff, 0xf6, 0x0, 0x8, 0xff, 0xf1, 0x0,
    0x0, 0x0, 0x0, 0x8, 0xff, 0xf2, 0x0, 0xc,
    0xff, 0xe0, 0x0, 0x0, 0x0, 0x0, 0xc, 0xff,
    0xe0, 0x0, 0xf, 0xff, 0xa0, 0x0, 0x0, 0x0,
    0x0, 0xf, 0xff, 0xa0, 0x0, 0x4f, 0xff, 0x60,
    0x0, 0x0, 0x49, 0x99, 0xaf, 0xff, 0xc9, 0x99,
    0xcf, 0xff, 0xb9, 0x98, 0x0, 0xbf, 0xff, 0xff,
    0xff, 0xff, 0xff, 0xff, 0xff, 0xff, 0xff, 0x0,
    0xbf, 0xff, 0xff, 0xff, 0xff, 0xff, 0xff, 0xff,
    0xff, 0xff, 0x10, 0x9f, 0xff, 0xff, 0xff, 0xff,
    0xff, 0xff, 0xff, 0xff, 0xfe, 0x0, 0x0, 0x3,
    0xff, 0xf7, 0x0, 0x7, 0xff, 0xf2, 0x0, 0x0,
    0x0, 0x0, 0x7, 0xff, 0xf3, 0x0, 0xb, 0xff,
    0xe0, 0x0, 0x0, 0x0, 0x0, 0xb, 0xff, 0xf0,
    0x0, 0xf, 0xff, 0xb0, 0x0, 0x0, 0x0, 0x0,
    0xf, 0xff, 0xb0, 0x0, 0x3f, 0xff, 0x70, 0x0,
    0x0, 0x0, 0x0, 0x1f, 0xff, 0x50, 0x0, 0x5f,
    0xff, 0x20, 0x0, 0x0, 0x0,

    /* U+0024 "$" */
    0x0, 0x0, 0x0, 0x5, 0x66, 0x10, 0x0, 0x0,
    0x0, 0x0, 0x0, 0x3, 0xff, 0xf6, 0x0, 0x0,
    0x0, 0x0, 0x0, 0x0, 0x4f, 0xff, 0x60, 0x0,
    0x0, 0x0, 0x0, 0x0, 0x4, 0xff, 0xf6, 0x0,
    0x0, 0x0, 0x0, 0x5, 0xbe, 0xff, 0xff, 0xfe,
    0xa3, 0x0, 0x0, 0xb, 0xff, 0xff, 0xff, 0xff,
    0xff, 0xf6, 0x0, 0x8, 0xff, 0xff, 0xff, 0xff,
    0xff, 0xff, 0xf3, 0x0, 0xff, 0xff, 0xff, 0xff,
    0xff, 0xff, 0xff, 0xa0, 0x3f, 0xff, 0xfc, 0x30,
    0x0, 0x4f, 0xff, 0xfd, 0x5, 0xff, 0xff, 0x50,
    0x0, 0x0, 0xaf, 0xff, 0xf0, 0x5f, 0xff, 0xf3,
    0x0, 0x0, 0x8, 0xff, 0xfe, 0x5, 0xff, 0xff,
    0x40, 0x0, 0x0, 0x2, 0x33, 0x10, 0x4f, 0xff,
    0xfa, 0x0, 0x0, 0x0, 0x0, 0x0, 0x1, 0xff,
    0xff, 0xfe, 0xb9, 0x75, 0x30, 0x0, 0x0, 0xb,
    0xff, 0xff, 0xff, 0xff, 0xff, 0xf9, 0x10, 0x0,
    0x2e, 0xff, 0xff, 0xff, 0xff, 0xff, 0xfd, 0x10,
    0x0, 0x2b, 0xff, 0xff, 0xff, 0xff, 0xff, 0xfa,
    0x0, 0x0, 0x2, 0x68, 0xab, 0xef, 0xff, 0xff,
    0xf0, 0x0, 0x0, 0x0, 0x0, 0x0, 0x3d, 0xff,
    0xff, 0x30, 0x44, 0x44, 0x0, 0x0, 0x0, 0x5f,
    0xff, 0xf4, 0x4f, 0xff, 0xf3, 0x0, 0x0, 0x4,
    0xff, 0xff, 0x54, 0xff, 0xff, 0x50, 0x0, 0x0,
    0x5f, 0xff, 0xf4, 0x2f, 0xff, 0xfc, 0x10, 0x0,
    0x1c, 0xff, 0xff, 0x20, 0xef, 0xff, 0xff, 0xee,
    0xef, 0xff, 0xff, 0xe0, 0x7, 0xff, 0xff, 0xff,
    0xff, 0xff, 0xff, 0xf7, 0x0, 0xa, 0xff, 0xff,
    0xff, 0xff, 0xff, 0xfa, 0x0, 0x0, 0x5, 0xbe,
    0xff, 0xff, 0xfe, 0xb5, 0x0, 0x0, 0x0, 0x0,
    0x4, 0xff, 0xf6, 0x0, 0x0, 0x0, 0x0, 0x0,
    0x0, 0x4f, 0xff, 0x60, 0x0, 0x0, 0x0, 0x0,
    0x0, 0x4, 0xff, 0xf6, 0x0, 0x0, 0x0, 0x0,
    0x0, 0x0, 0x7, 0x87, 0x10, 0x0, 0x0, 0x0,

    /* U+0025 "%" */
    0x0, 0x7d, 0xff, 0xfe, 0xa1, 0x0, 0x0, 0xd,
    0xff, 0x40, 0x0, 0x0, 0x8, 0xff, 0xff, 0xff,
    0xfd, 0x0, 0x0, 0x6f, 0xff, 0x0, 0x0, 0x0,
    0xf, 0xff, 0xb8, 0x9f, 0xff, 0x50, 0x0, 0xcf,
    0xf9, 0x0, 0x0, 0x0, 0x2f, 0xff, 0x0, 0x9,
    0xff, 0x80, 0x2, 0xff, 0xf3, 0x0, 0x0, 0x0,
    0x3f, 0xfe, 0x0, 0x8, 0xff, 0x90, 0x9, 0xff,
    0xc0, 0x0, 0x0, 0x0, 0x3f, 0xfe, 0x0, 0x8,
    0xff, 0x90, 0xe, 0xff, 0x60, 0x0, 0x0, 0x0,
    0x3f, 0xfe, 0x0, 0x8, 0xff, 0x90, 0x5f, 0xff,
    0x0, 0x0, 0x0, 0x0, 0x2f, 0xfe, 0x0, 0x9,
    0xff, 0x80, 0xcf, 0xf9, 0x0, 0x0, 0x0, 0x0,
    0xf, 0xff, 0xa8, 0x8f, 0xff, 0x52, 0xff, 0xf3,
    0x0, 0x0, 0x0, 0x0, 0x8, 0xff, 0xff, 0xff,
    0xfe, 0x9, 0xff, 0xc0, 0x0, 0x0, 0x0, 0x0,
    0x0, 0x7d, 0xff, 0xfe, 0xa2, 0xe, 0xff, 0x60,
    0x0, 0x0, 0x0, 0x0, 0x0, 0x0, 0x0, 0x0,
    0x0, 0x6f, 0xff, 0x0, 0x0, 0x0, 0x0, 0x0,
    0x0, 0x0, 0x0, 0x0, 0x0, 0xcf, 0xf9, 0x4,
    0xcf, 0xff, 0xec, 0x40, 0x0, 0x0, 0x0, 0x0,
    0x2, 0xff, 0xf3, 0x4f, 0xff, 0xff, 0xff, 0xf3,
    0x0, 0x0, 0x0, 0x0, 0x9, 0xff, 0xd0, 0xbf,
    0xfd, 0x88, 0xdf, 0xfa, 0x0, 0x0, 0x0, 0x0,
    0xe, 0xff, 0x60, 0xef, 0xf4, 0x0, 0x4f, 0xfc,
    0x0, 0x0, 0x0, 0x0, 0x6f, 0xff, 0x10, 0xef,
    0xf3, 0x0, 0x3f, 0xfd, 0x0, 0x0, 0x0, 0x0,
    0xcf, 0xfa, 0x0, 0xef, 0xf3, 0x0, 0x3f, 0xfd,
    0x0, 0x0, 0x0, 0x2, 0xff, 0xf3, 0x0, 0xef,
    0xf3, 0x0, 0x3f, 0xfd, 0x0, 0x0, 0x0, 0x9,
    0xff, 0xd0, 0x0, 0xef, 0xf4, 0x0, 0x4f, 0xfc,
    0x0, 0x0, 0x0, 0xe, 0xff, 0x60, 0x0, 0xbf,
    0xfd, 0x88, 0xdf, 0xfa, 0x0, 0x0, 0x0, 0x5f,
    0xff, 0x10, 0x0, 0x4f, 0xff, 0xff, 0xff, 0xf3,
    0x0, 0x0, 0x0, 0xaf, 0xf8, 0x0, 0x0, 0x4,
    0xcf, 0xff, 0xec, 0x40,

    /* U+0026 "&" */
    0x0, 0x0, 0x3, 0xae, 0xff, 0xfd, 0x92, 0x0,
    0x0, 0x0, 0x0, 0x0, 0x9f, 0xff, 0xff, 0xff,
    0xff, 0x50, 0x0, 0x0, 0x0, 0x7, 0xff, 0xff,
    0xff, 0xff, 0xff, 0xf2, 0x0, 0x0, 0x0, 0xe,
    0xff, 0xff, 0xec, 0xef, 0xff, 0xf8, 0x0, 0x0,
    0x0, 0x3f, 0xff, 0xfa, 0x0, 0x1e, 0xff, 0xfc,
    0x0, 0x0, 0x0, 0x5f, 0xff, 0xf5, 0x0, 0xa,
    0xff, 0xfe, 0x0, 0x0, 0x0, 0x6f, 0xff, 0xf5,
    0x0, 0x9, 0xff, 0xff, 0x0, 0x0, 0x0, 0x5f,
    0xff, 0xf8, 0x0, 0x7, 0xff, 0xfd, 0x0, 0x0,
    0x0, 0x1f, 0xff, 0xfe, 0x0, 0x0, 0x1, 0x10,
    0x0, 0x0, 0x0, 0xc, 0xff, 0xff, 0x90, 0x0,
    0x0, 0x0, 0x0, 0x0, 0x0, 0x4, 0xff, 0xff,
    0xf6, 0x0, 0x0, 0x0, 0x0, 0x0, 0x0, 0xaf,
    0xff, 0xff, 0xff, 0x30, 0x0, 0x0, 0x0, 0x0,
    0xb, 0xff, 0xff, 0xff, 0xff, 0xff, 0xff, 0xff,
    0xff, 0xf3, 0x3f, 0xff, 0xfd, 0xcf, 0xff, 0xff,
    0xff, 0xff, 0xff, 0xf5, 0x7f, 0xff, 0xe0, 0xc,
    0xff, 0xff, 0xff, 0xff, 0xff, 0xf5, 0x9f, 0xff,
    0xc0, 0x1, 0xdf, 0xff, 0xff, 0xee, 0xee, 0xe3,
    0xaf, 0xff, 0xc0, 0x0, 0x1d, 0xff, 0xff, 0x60,
    0x0, 0x0, 0x9f, 0xff, 0xd0, 0x0, 0x2, 0xef,
    0xff, 0xf5, 0x0, 0x0, 0x8f, 0xff, 0xf4, 0x0,
    0x3, 0xff, 0xff, 0xff, 0x40, 0x0, 0x5f, 0xff,
    0xff, 0xfe, 0xef, 0xff, 0xff, 0xff, 0xf3, 0x0,
    0xd, 0xff, 0xff, 0xff, 0xff, 0xff, 0xef, 0xff,
    0xfe, 0x20, 0x2, 0xef, 0xff, 0xff, 0xff, 0xff,
    0x66, 0xff, 0xff, 0xd1, 0x0, 0x18, 0xcf, 0xff,
    0xfe, 0xc5, 0x0, 0x8f, 0xff, 0xfb,

    /* U+0027 "'" */
    0x5a, 0xaa, 0x27, 0xff, 0xf3, 0x4f, 0xff, 0x1,
    0xff, 0xd0, 0xe, 0xfa, 0x0, 0x9f, 0x50,

    /* U+0028 "(" */
    0x0, 0x1, 0x8c, 0xef, 0x0, 0x4, 0xef, 0xff,
    0xf1, 0x2, 0xff, 0xff, 0xff, 0x0, 0xaf, 0xff,
    0xb3, 0x10, 0xf, 0xff, 0xc0, 0x0, 0x4, 0xff,
    0xf6, 0x0, 0x0, 0x6f, 0xff, 0x40, 0x0, 0x6,
    0xff, 0xf3, 0x0, 0x0, 0x7f, 0xff, 0x30, 0x0,
    0x7, 0xff, 0xf3, 0x0, 0x0, 0x7f, 0xff, 0x30,
    0x0, 0x7, 0xff, 0xf3, 0x0, 0x0, 0x7f, 0xff,
    0x30, 0x0, 0x7, 0xff, 0xf3, 0x0, 0x0, 0x7f,
    0xff, 0x30, 0x0, 0x7, 0xff, 0xf3, 0x0, 0x0,
    0x7f, 0xff, 0x30, 0x0, 0x7, 0xff, 0xf3, 0x0,
    0x0, 0x7f, 0xff, 0x30, 0x0, 0x6, 0xff, 0xf3,
    0x0, 0x0, 0x4f, 0xff, 0x60, 0x0, 0x1, 0xff,
    0xfb, 0x0, 0x0, 0xb, 0xff, 0xf9, 0x10, 0x0,
    0x3f, 0xff, 0xff, 0xf0, 0x0, 0x6f, 0xff, 0xff,
    0x10, 0x0, 0x3a, 0xef, 0xf0, 0x0, 0x0, 0x0,
    0x11, 0x0,

    /* U+0029 ")" */
    0x6f, 0xeb, 0x50, 0x0, 0x7, 0xff, 0xff, 0xb0,
    0x0, 0x6f, 0xff, 0xff, 0xb0, 0x0, 0x25, 0xef,
    0xff, 0x40, 0x0, 0x3, 0xff, 0xfa, 0x0, 0x0,
    0xc, 0xff, 0xe0, 0x0, 0x0, 0xaf, 0xff, 0x0,
    0x0, 0x9, 0xff, 0xf0, 0x0, 0x0, 0x9f, 0xff,
    0x10, 0x0, 0x9, 0xff, 0xf1, 0x0, 0x0, 0x9f,
    0xff, 0x10, 0x0, 0x9, 0xff, 0xf1, 0x0, 0x0,
    0x9f, 0xff, 0x10, 0x0, 0x9, 0xff, 0xf1, 0x0,
    0x0, 0x9f, 0xff, 0x10, 0x0, 0x9, 0xff, 0xf1,
    0x0, 0x0, 0x9f, 0xff, 0x10, 0x0, 0x9, 0xff,
    0xf1, 0x0, 0x0, 0x9f, 0xff, 0x10, 0x0, 0x9,
    0xff, 0xf0, 0x0, 0x0, 0xcf, 0xfe, 0x0, 0x0,
    0x2f, 0xff, 0xb0, 0x0, 0x3d, 0xff, 0xf5, 0x5,
    0xff, 0xff, 0xfc, 0x0, 0x7f, 0xff, 0xfd, 0x10,
    0x6, 0xff, 0xd7, 0x0, 0x0, 0x1, 0x0, 0x0,
    0x0, 0x0,

    /* U+002A "*" */
    0x0, 0x0, 0x6f, 0xf9, 0x0, 0x0, 0x0, 0x0,
    0x7, 0xff, 0xa0, 0x0, 0x0, 0x3, 0x10, 0x4f,
    0xf8, 0x2, 0x71, 0x2, 0xff, 0x91, 0xef, 0x39,
    0xff, 0x90, 0x7f, 0xff, 0xda, 0xdc, 0xff, 0xfd,
    0x5, 0xdf, 0xff, 0xce, 0xee, 0xec, 0x60, 0x0,
    0x1, 0x8f, 0xdd, 0x50, 0x0, 0x0, 0x1, 0xdf,
    0xf9, 0xff, 0x90, 0x0, 0x0, 0xcf, 0xfb, 0x3f,
    0xff, 0x60, 0x0, 0x1e, 0xff, 0x40, 0xbf, 0xf6,
    0x0, 0x0, 0x1a, 0xa0, 0x1, 0xa3, 0x0, 0x0,
    0x0, 0x0, 0x0, 0x0, 0x0, 0x0,

    /* U+002B "+" */
    0x0, 0x0, 0x0, 0x0, 0x0, 0x0, 0x0, 0x0,
    0x0, 0x0, 0x0, 0x9f, 0xfe, 0x0, 0x0, 0x0,
    0x0, 0x0, 0x0, 0xcf, 0xff, 0x10, 0x0, 0x0,
    0x0, 0x0, 0x0, 0xcf, 0xff, 0x10, 0x0, 0x0,
    0x0, 0x0, 0x0, 0xcf, 0xff, 0x10, 0x0, 0x0,
    0x0, 0x0, 0x0, 0xcf, 0xff, 0x10, 0x0, 0x0,
    0x3a, 0xaa, 0xaa, 0xef, 0xff, 0xaa, 0xaa, 0xa6,
    0x7f, 0xff, 0xff, 0xff, 0xff, 0xff, 0xff, 0xfc,
    0x7f, 0xff, 0xff, 0xff, 0xff, 0xff, 0xff, 0xfd,
    0x5f, 0xff, 0xff, 0xff, 0xff, 0xff, 0xff, 0xfa,
    0x0, 0x0, 0x0, 0xcf, 0xff, 0x10, 0x0, 0x0,
    0x0, 0x0, 0x0, 0xcf, 0xff, 0x10, 0x0, 0x0,
    0x0, 0x0, 0x0, 0xcf, 0xff, 0x10, 0x0, 0x0,
    0x0, 0x0, 0x0, 0xcf, 0xff, 0x10, 0x0, 0x0,
    0x0, 0x0, 0x0, 0xcf, 0xff, 0x10, 0x0, 0x0,
    0x0, 0x0, 0x0, 0x8f, 0xfe, 0x0, 0x0, 0x0,

    /* U+002C "," */
    0x38, 0x88, 0x69, 0xff, 0xff, 0xaf, 0xff, 0xfa,
    0xff, 0xff, 0xaf, 0xff, 0xda, 0xff, 0xf7, 0xaf,
    0xfd, 0xa, 0xff, 0x20, 0xaf, 0x70, 0x8, 0xb0,
    0x0,

    /* U+002D "-" */
    0x39, 0x99, 0x99, 0x99, 0x58, 0xff, 0xff, 0xff,
    0xfc, 0x9f, 0xff, 0xff, 0xff, 0xc6, 0xff, 0xff,
    0xff, 0xfa,

    /* U+002E "." */
    0x5b, 0xcc, 0x9a, 0xff, 0xff, 0xaf, 0xff, 0xfa,
    0xff, 0xff, 0xaf, 0xff, 0xf7, 0xff, 0xfd,

    /* U+002F "/" */
    0x0, 0x0, 0x0, 0x0, 0x7, 0xff, 0xf9, 0x0,
    0x0, 0x0, 0x0, 0xe, 0xff, 0xf5, 0x0, 0x0,
    0x0, 0x0, 0x5f, 0xff, 0xf0, 0x0, 0x0, 0x0,
    0x0, 0xbf, 0xff, 0x90, 0x0, 0x0, 0x0, 0x1,
    0xff, 0xff, 0x30, 0x0, 0x0, 0x0, 0x8, 0xff,
    0xfd, 0x0, 0x0, 0x0, 0x0, 0xd, 0xff, 0xf7,
    0x0, 0x0, 0x0, 0x0, 0x4f, 0xff, 0xf1, 0x0,
    0x0, 0x0, 0x0, 0xaf, 0xff, 0xa0, 0x0, 0x0,
    0x0, 0x0, 0xff, 0xff, 0x40, 0x0, 0x0, 0x0,
    0x6, 0xff, 0xfe, 0x0, 0x0, 0x0, 0x0, 0xc,
    0xff, 0xf8, 0x0, 0x0, 0x0, 0x0, 0x2f, 0xff,
    0xf2, 0x0, 0x0, 0x0, 0x0, 0x8f, 0xff, 0xc0,
    0x0, 0x0, 0x0, 0x0, 0xef, 0xff, 0x60, 0x0,
    0x0, 0x0, 0x4, 0xff, 0xff, 0x0, 0x0, 0x0,
    0x0, 0xa, 0xff, 0xfa, 0x0, 0x0, 0x0, 0x0,
    0x1f, 0xff, 0xf3, 0x0, 0x0, 0x0, 0x0, 0x7f,
    0xff, 0xd0, 0x0, 0x0, 0x0, 0x0, 0xdf, 0xff,
    0x70, 0x0, 0x0, 0x0, 0x3, 0xff, 0xff, 0x10,
    0x0, 0x0, 0x0, 0x9, 0xff, 0xfb, 0x0, 0x0,
    0x0, 0x0, 0xd, 0xff, 0xf4, 0x0, 0x0, 0x0,
    0x0,

    /* U+0030 "0" */
    0x0, 0x3, 0xae, 0xff, 0xff, 0xfe, 0xb5, 0x0,
    0x0, 0x7, 0xff, 0xff, 0xff, 0xff, 0xff, 0xfa,
    0x0, 0x4, 0xff, 0xff, 0xff, 0xff, 0xff, 0xff,
    0xf8, 0x0, 0xbf, 0xff, 0xff, 0xee, 0xef, 0xff,
    0xff, 0xf0, 0xf, 0xff, 0xfe, 0x10, 0x0, 0xa,
    0xff, 0xff, 0x31, 0xff, 0xff, 0x90, 0x0, 0x0,
    0x3f, 0xff, 0xf5, 0x1f, 0xff, 0xf8, 0x0, 0x0,
    0x3, 0xff, 0xff, 0x51, 0xff, 0xff, 0x80, 0x0,
    0x0, 0x3f, 0xff, 0xf5, 0x1f, 0xff, 0xf8, 0x0,
    0x0, 0x3, 0xff, 0xff, 0x51, 0xff, 0xff, 0x80,
    0x0, 0x0, 0x3f, 0xff, 0xf5, 0x1f, 0xff, 0xf8,
    0x0, 0x0, 0x3, 0xff, 0xff, 0x51, 0xff, 0xff,
    0x80, 0x0, 0x0, 0x3f, 0xff, 0xf5, 0x1f, 0xff,
    0xf8, 0x0, 0x0, 0x3, 0xff, 0xff, 0x51, 0xff,
    0xff, 0x80, 0x0, 0x0, 0x3f, 0xff, 0xf5, 0x1f,
    0xff, 0xf8, 0x0, 0x0, 0x3, 0xff, 0xff, 0x51,
    0xff, 0xff, 0x80, 0x0, 0x0, 0x3f, 0xff, 0xf5,
    0x1f, 0xff, 0xf8, 0x0, 0x0, 0x3, 0xff, 0xff,
    0x51, 0xff, 0xff, 0x90, 0x0, 0x0, 0x3f, 0xff,
    0xf5, 0xf, 0xff, 0xfe, 0x10, 0x0, 0xa, 0xff,
    0xff, 0x30, 0xbf, 0xff, 0xff, 0xee, 0xef, 0xff,
    0xff, 0xf0, 0x4, 0xff, 0xff, 0xff, 0xff, 0xff,
    0xff, 0xf8, 0x0, 0x7, 0xff, 0xff, 0xff, 0xff,
    0xff, 0xfb, 0x0, 0x0, 0x3, 0xae, 0xff, 0xff,
    0xfe, 0xb5, 0x0, 0x0,

    /* U+0031 "1" */
    0x0, 0x0, 0x6d, 0xff, 0xf8, 0x0, 0x2c, 0xff,
    0xff, 0xfb, 0x8, 0xff, 0xff, 0xff, 0xfb, 0x2f,
    0xff, 0xff, 0xff, 0xfb, 0x2f, 0xff, 0xff, 0xff,
    0xfb, 0x2f, 0xfb, 0x2e, 0xff, 0xfb, 0x1c, 0x40,
    0xe, 0xff, 0xfb, 0x0, 0x0, 0xe, 0xff, 0xfb,
    0x0, 0x0, 0xe, 0xff, 0xfb, 0x0, 0x0, 0xe,
    0xff, 0xfb, 0x0, 0x0, 0xe, 0xff, 0xfb, 0x0,
    0x0, 0xe, 0xff, 0xfb, 0x0, 0x0, 0xe, 0xff,
    0xfb, 0x0, 0x0, 0xe, 0xff, 0xfb, 0x0, 0x0,
    0xe, 0xff, 0xfb, 0x0, 0x0, 0xe, 0xff, 0xfb,
    0x0, 0x0, 0xe, 0xff, 0xfb, 0x0, 0x0, 0xe,
    0xff, 0xfb, 0x0, 0x0, 0xe, 0xff, 0xfb, 0x0,
    0x0, 0xe, 0xff, 0xfb, 0x0, 0x0, 0xe, 0xff,
    0xfb, 0x0, 0x0, 0xe, 0xff, 0xfb, 0x0, 0x0,
    0xb, 0xff, 0xf9,

    /* U+0032 "2" */
    0x0, 0x6, 0xce, 0xff, 0xff, 0xea, 0x40, 0x0,
    0x0, 0xcf, 0xff, 0xff, 0xff, 0xff, 0xf8, 0x0,
    0xa, 0xff, 0xff, 0xff, 0xff, 0xff, 0xff, 0x50,
    0x1f, 0xff, 0xff, 0xdb, 0xce, 0xff, 0xff, 0xc0,
    0x5f, 0xff, 0xf7, 0x0, 0x0, 0xaf, 0xff, 0xf0,
    0x6f, 0xff, 0xf2, 0x0, 0x0, 0x5f, 0xff, 0xf2,
    0x7f, 0xff, 0xf1, 0x0, 0x0, 0x4f, 0xff, 0xf2,
    0x3c, 0xcc, 0xb0, 0x0, 0x0, 0x6f, 0xff, 0xf2,
    0x0, 0x0, 0x0, 0x0, 0x0, 0xcf, 0xff, 0xf0,
    0x0, 0x0, 0x0, 0x0, 0xa, 0xff, 0xff, 0xb0,
    0x0, 0x0, 0x0, 0x1, 0xbf, 0xff, 0xff, 0x30,
    0x0, 0x0, 0x0, 0x2d, 0xff, 0xff, 0xf5, 0x0,
    0x0, 0x0, 0x3, 0xef, 0xff, 0xff, 0x40, 0x0,
    0x0, 0x0, 0x6f, 0xff, 0xff, 0xe2, 0x0, 0x0,
    0x0, 0x8, 0xff, 0xff, 0xfc, 0x10, 0x0, 0x0,
    0x0, 0xaf, 0xff, 0xff, 0xa0, 0x0, 0x0, 0x0,
    0x9, 0xff, 0xff, 0xf8, 0x0, 0x0, 0x0, 0x0,
    0x1f, 0xff, 0xff, 0x60, 0x0, 0x0, 0x0, 0x0,
    0x4f, 0xff, 0xfd, 0x0, 0x0, 0x0, 0x0, 0x0,
    0x5f, 0xff, 0xff, 0xff, 0xff, 0xff, 0xff, 0xe1,
    0x5f, 0xff, 0xff, 0xff, 0xff, 0xff, 0xff, 0xf2,
    0x5f, 0xff, 0xff, 0xff, 0xff, 0xff, 0xff, 0xf2,
    0x3f, 0xff, 0xff, 0xff, 0xff, 0xff, 0xff, 0xf1,

    /* U+0033 "3" */
    0x0, 0x17, 0xcf, 0xff, 0xff, 0xeb, 0x50, 0x0,
    0x2, 0xdf, 0xff, 0xff, 0xff, 0xff, 0xfb, 0x0,
    0xd, 0xff, 0xff, 0xff, 0xff, 0xff, 0xff, 0x80,
    0x4f, 0xff, 0xff, 0xcb, 0xbd, 0xff, 0xff, 0xf0,
    0x8f, 0xff, 0xf4, 0x0, 0x0, 0x7f, 0xff, 0xf4,
    0xaf, 0xff, 0xf0, 0x0, 0x0, 0x1f, 0xff, 0xf6,
    0xaf, 0xff, 0xe0, 0x0, 0x0, 0xf, 0xff, 0xf6,
    0x5b, 0xbb, 0x80, 0x0, 0x0, 0xf, 0xff, 0xf6,
    0x0, 0x0, 0x0, 0x0, 0x0, 0x2f, 0xff, 0xf5,
    0x0, 0x0, 0x0, 0x0, 0x1, 0xaf, 0xff, 0xf1,
    0x0, 0x0, 0x0, 0xbf, 0xff, 0xff, 0xff, 0x80,
    0x0, 0x0, 0x0, 0xef, 0xff, 0xff, 0xe6, 0x0,
    0x0, 0x0, 0x0, 0xdf, 0xff, 0xff, 0xfc, 0x20,
    0x0, 0x0, 0x0, 0x6a, 0xab, 0xff, 0xff, 0xe0,
    0x0, 0x0, 0x0, 0x0, 0x0, 0x5f, 0xff, 0xf4,
    0x15, 0x55, 0x30, 0x0, 0x0, 0x1f, 0xff, 0xf6,
    0xaf, 0xff, 0xe0, 0x0, 0x0, 0xf, 0xff, 0xf6,
    0xaf, 0xff, 0xf0, 0x0, 0x0, 0x1f, 0xff, 0xf6,
    0x9f, 0xff, 0xf3, 0x0, 0x0, 0x6f, 0xff, 0xf5,
    0x5f, 0xff, 0xff, 0xcb, 0xbd, 0xff, 0xff, 0xf1,
    0xe, 0xff, 0xff, 0xff, 0xff, 0xff, 0xff, 0xa0,
    0x3, 0xef, 0xff, 0xff, 0xff, 0xff, 0xfc, 0x0,
    0x0, 0x18, 0xdf, 0xff, 0xff, 0xec, 0x60, 0x0,

    /* U+0034 "4" */
    0x0, 0x0, 0x0, 0x0, 0xcf, 0xff, 0xff, 0x60,
    0x0, 0x0, 0x0, 0x0, 0x0, 0x7f, 0xff, 0xff,
    0xfb, 0x0, 0x0, 0x0, 0x0, 0x0, 0x1f, 0xff,
    0xff, 0xff, 0xb0, 0x0, 0x0, 0x0, 0x0, 0x9,
    0xff, 0xff, 0xff, 0xfb, 0x0, 0x0, 0x0, 0x0,
    0x2, 0xff, 0xff, 0xaf, 0xff, 0xb0, 0x0, 0x0,
    0x0, 0x0, 0xaf, 0xff, 0x98, 0xff, 0xfb, 0x0,
    0x0, 0x0, 0x0, 0x3f, 0xff, 0xf1, 0x8f, 0xff,
    0xb0, 0x0, 0x0, 0x0, 0xb, 0xff, 0xf8, 0x8,
    0xff, 0xfb, 0x0, 0x0, 0x0, 0x4, 0xff, 0xff,
    0x10, 0x8f, 0xff, 0xb0, 0x0, 0x0, 0x0, 0xcf,
    0xff, 0x70, 0x8, 0xff, 0xfb, 0x0, 0x0, 0x0,
    0x5f, 0xff, 0xe0, 0x0, 0x8f, 0xff, 0xb0, 0x0,
    0x0, 0xd, 0xff, 0xf7, 0x0, 0x8, 0xff, 0xfb,
    0x0, 0x0, 0x6, 0xff, 0xfe, 0x0, 0x0, 0x8f,
    0xff, 0xb0, 0x0, 0x0, 0xef, 0xff, 0x60, 0x0,
    0x8, 0xff, 0xfb, 0x0, 0x0, 0x7f, 0xff, 0xd0,
    0x0, 0x0, 0x8f, 0xff, 0xb0, 0x0, 0xb, 0xff,
    0xff, 0xff, 0xff, 0xff, 0xff, 0xff, 0xff, 0xe0,
    0xcf, 0xff, 0xff, 0xff, 0xff, 0xff, 0xff, 0xff,
    0xff, 0xc, 0xff, 0xff, 0xff, 0xff, 0xff, 0xff,
    0xff, 0xff, 0xf0, 0x6d, 0xee, 0xee, 0xee, 0xee,
    0xff, 0xff, 0xfe, 0xec, 0x0, 0x0, 0x0, 0x0,
    0x0, 0x8, 0xff, 0xfb, 0x0, 0x0, 0x0, 0x0,
    0x0, 0x0, 0x0, 0x8f, 0xff, 0xb0, 0x0, 0x0,
    0x0, 0x0, 0x0, 0x0, 0x8, 0xff, 0xfb, 0x0,
    0x0, 0x0, 0x0, 0x0, 0x0, 0x0, 0x6f, 0xff,
    0xa0, 0x0, 0x0,

    /* U+0035 "5" */
    0xe, 0xff, 0xff, 0xff, 0xff, 0xff, 0xff, 0xd0,
    0x1f, 0xff, 0xff, 0xff, 0xff, 0xff, 0xff, 0xf0,
    0x1f, 0xff, 0xff, 0xff, 0xff, 0xff, 0xff, 0xf0,
    0x1f, 0xff, 0xff, 0xff, 0xff, 0xff, 0xff, 0xe0,
    0x1f, 0xff, 0xf9, 0x22, 0x22, 0x22, 0x22, 0x10,
    0x1f, 0xff, 0xf8, 0x0, 0x0, 0x0, 0x0, 0x0,
    0x1f, 0xff, 0xf8, 0x0, 0x0, 0x0, 0x0, 0x0,
    0x1f, 0xff, 0xf8, 0x0, 0x0, 0x0, 0x0, 0x0,
    0x1f, 0xff, 0xf8, 0x7d, 0xff, 0xfd, 0xa2, 0x0,
    0x1f, 0xff, 0xfd, 0xff, 0xff, 0xff, 0xff, 0x50,
    0x1f, 0xff, 0xff, 0xff, 0xff, 0xff, 0xff, 0xf1,
    0x1f, 0xff, 0xff, 0xb9, 0x9a, 0xef, 0xff, 0xf6,
    0xe, 0xff, 0xf8, 0x0, 0x0, 0x2f, 0xff, 0xf8,
    0x0, 0x0, 0x0, 0x0, 0x0, 0xd, 0xff, 0xf9,
    0x0, 0x0, 0x0, 0x0, 0x0, 0xc, 0xff, 0xfa,
    0x2, 0x33, 0x20, 0x0, 0x0, 0xc, 0xff, 0xfa,
    0x5f, 0xff, 0xf2, 0x0, 0x0, 0xc, 0xff, 0xfa,
    0x5f, 0xff, 0xf3, 0x0, 0x0, 0xd, 0xff, 0xf9,
    0x4f, 0xff, 0xf8, 0x0, 0x0, 0x3f, 0xff, 0xf8,
    0xf, 0xff, 0xff, 0xdb, 0xbc, 0xff, 0xff, 0xf4,
    0x9, 0xff, 0xff, 0xff, 0xff, 0xff, 0xff, 0xd0,
    0x0, 0xcf, 0xff, 0xff, 0xff, 0xff, 0xfe, 0x20,
    0x0, 0x6, 0xbe, 0xff, 0xff, 0xfc, 0x71, 0x0,

    /* U+0036 "6" */
    0x0, 0x4, 0xae, 0xff, 0xff, 0xff, 0xff, 0xc0,
    0x0, 0x8, 0xff, 0xff, 0xff, 0xff, 0xff, 0xfe,
    0x0, 0x5, 0xff, 0xff, 0xff, 0xff, 0xff, 0xff,
    0xe0, 0x0, 0xcf, 0xff, 0xff, 0xee, 0xee, 0xee,
    0xea, 0x0, 0xf, 0xff, 0xfd, 0x10, 0x0, 0x0,
    0x0, 0x0, 0x1, 0xff, 0xff, 0x80, 0x0, 0x0,
    0x0, 0x0, 0x0, 0x2f, 0xff, 0xf7, 0x0, 0x0,
    0x0, 0x0, 0x0, 0x2, 0xff, 0xff, 0x70, 0x0,
    0x0, 0x0, 0x0, 0x0, 0x2f, 0xff, 0xf7, 0x0,
    0x0, 0x0, 0x0, 0x0, 0x2, 0xff, 0xff, 0xff,
    0xff, 0xff, 0xeb, 0x50, 0x0, 0x2f, 0xff, 0xff,
    0xff, 0xff, 0xff, 0xff, 0xb0, 0x2, 0xff, 0xff,
    0xff, 0xff, 0xff, 0xff, 0xff, 0x80, 0x2f, 0xff,
    0xfe, 0xee, 0xee, 0xff, 0xff, 0xff, 0x2, 0xff,
    0xff, 0x70, 0x0, 0x0, 0xbf, 0xff, 0xf2, 0x2f,
    0xff, 0xf7, 0x0, 0x0, 0x5, 0xff, 0xff, 0x42,
    0xff, 0xff, 0x70, 0x0, 0x0, 0x4f, 0xff, 0xf4,
    0x2f, 0xff, 0xf7, 0x0, 0x0, 0x4, 0xff, 0xff,
    0x41, 0xff, 0xff, 0x70, 0x0, 0x0, 0x5f, 0xff,
    0xf4, 0xf, 0xff, 0xfc, 0x10, 0x0, 0xb, 0xff,
    0xff, 0x20, 0xcf, 0xff, 0xff, 0xee, 0xef, 0xff,
    0xff, 0xf0, 0x5, 0xff, 0xff, 0xff, 0xff, 0xff,
    0xff, 0xf8, 0x0, 0x8, 0xff, 0xff, 0xff, 0xff,
    0xff, 0xfb, 0x0, 0x0, 0x4, 0xae, 0xff, 0xff,
    0xfe, 0xb5, 0x0, 0x0,

    /* U+0037 "7" */
    0x3f, 0xff, 0xff, 0xff, 0xff, 0xff, 0xff, 0xa5,
    0xff, 0xff, 0xff, 0xff, 0xff, 0xff, 0xfc, 0x5f,
    0xff, 0xff, 0xff, 0xff, 0xff, 0xff, 0xc3, 0xff,
    0xff, 0xff, 0xff, 0xff, 0xff, 0xfc, 0x1, 0x11,
    0x11, 0x11, 0x15, 0xff, 0xff, 0xa0, 0x0, 0x0,
    0x0, 0x0, 0xaf, 0xff, 0xf5, 0x0, 0x0, 0x0,
    0x0, 0x1f, 0xff, 0xfe, 0x0, 0x0, 0x0, 0x0,
    0x8, 0xff, 0xff, 0x80, 0x0, 0x0, 0x0, 0x0,
    0xef, 0xff, 0xf2, 0x0, 0x0, 0x0, 0x0, 0x5f,
    0xff, 0xfb, 0x0, 0x0, 0x0, 0x0, 0xc, 0xff,
    0xff, 0x40, 0x0, 0x0, 0x0, 0x3, 0xff, 0xff,
    0xd0, 0x0, 0x0, 0x0, 0x0, 0x9f, 0xff, 0xf6,
    0x0, 0x0, 0x0, 0x0, 0x1f, 0xff, 0xff, 0x0,
    0x0, 0x0, 0x0, 0x7, 0xff, 0xff, 0x90, 0x0,
    0x0, 0x0, 0x0, 0xdf, 0xff, 0xf2, 0x0, 0x0,
    0x0, 0x0, 0x4f, 0xff, 0xfc, 0x0, 0x0, 0x0,
    0x0, 0xb, 0xff, 0xff, 0x50, 0x0, 0x0, 0x0,
    0x2, 0xff, 0xff, 0xe0, 0x0, 0x0, 0x0, 0x0,
    0x8f, 0xff, 0xf7, 0x0, 0x0, 0x0, 0x0, 0xe,
    0xff, 0xff, 0x10, 0x0, 0x0, 0x0, 0x6, 0xff,
    0xff, 0xa0, 0x0, 0x0, 0x0, 0x0, 0xbf, 0xff,
    0xe2, 0x0, 0x0, 0x0, 0x0,

    /* U+0038 "8" */
    0x0, 0x4, 0xae, 0xff, 0xff, 0xff, 0xc7, 0x10,
    0x0, 0x9, 0xff, 0xff, 0xff, 0xff, 0xff, 0xfe,
    0x20, 0x5, 0xff, 0xff, 0xff, 0xff, 0xff, 0xff,
    0xfc, 0x0, 0xcf, 0xff, 0xff, 0xdd, 0xde, 0xff,
    0xff, 0xf3, 0xf, 0xff, 0xfd, 0x10, 0x0, 0x6,
    0xff, 0xff, 0x71, 0xff, 0xff, 0x70, 0x0, 0x0,
    0xf, 0xff, 0xf8, 0x1f, 0xff, 0xf7, 0x0, 0x0,
    0x0, 0xff, 0xff, 0x91, 0xff, 0xff, 0x70, 0x0,
    0x0, 0xf, 0xff, 0xf8, 0xf, 0xff, 0xf8, 0x0,
    0x0, 0x0, 0xff, 0xff, 0x60, 0xbf, 0xff, 0xe3,
    0x0, 0x1, 0x9f, 0xff, 0xf2, 0x3, 0xff, 0xff,
    0xff, 0xff, 0xff, 0xff, 0xfb, 0x0, 0x4, 0xff,
    0xff, 0xff, 0xff, 0xff, 0xfb, 0x10, 0x0, 0xbf,
    0xff, 0xff, 0xff, 0xff, 0xff, 0xf5, 0x0, 0x8f,
    0xff, 0xfb, 0x88, 0x89, 0xef, 0xff, 0xf1, 0xe,
    0xff, 0xfa, 0x0, 0x0, 0x2, 0xff, 0xff, 0x60,
    0xff, 0xff, 0x70, 0x0, 0x0, 0xf, 0xff, 0xf8,
    0x1f, 0xff, 0xf7, 0x0, 0x0, 0x0, 0xff, 0xff,
    0x81, 0xff, 0xff, 0x70, 0x0, 0x0, 0xf, 0xff,
    0xf8, 0xf, 0xff, 0xfc, 0x0, 0x0, 0x5, 0xff,
    0xff, 0x70, 0xdf, 0xff, 0xff, 0xdd, 0xde, 0xff,
    0xff, 0xf4, 0x6, 0xff, 0xff, 0xff, 0xff, 0xff,
    0xff, 0xfd, 0x0, 0xa, 0xff, 0xff, 0xff, 0xff,
    0xff, 0xfe, 0x30, 0x0, 0x5, 0xbe, 0xff, 0xff,
    0xff, 0xc8, 0x10, 0x0,

    /* U+0039 "9" */
    0x0, 0x6, 0xbe, 0xff, 0xff, 0xfd, 0x92, 0x0,
    0x0, 0xcf, 0xff, 0xff, 0xff, 0xff, 0xff, 0x50,
    0xa, 0xff, 0xff, 0xff, 0xff, 0xff, 0xff, 0xf2,
    0x1f, 0xff, 0xff, 0xfe, 0xee, 0xff, 0xff, 0xf9,
    0x5f, 0xff, 0xf9, 0x0, 0x0, 0x2e, 0xff, 0xfd,
    0x6f, 0xff, 0xf3, 0x0, 0x0, 0xa, 0xff, 0xfe,
    0x7f, 0xff, 0xf2, 0x0, 0x0, 0x9, 0xff, 0xff,
    0x7f, 0xff, 0xf2, 0x0, 0x0, 0x9, 0xff, 0xff,
    0x7f, 0xff, 0xf2, 0x0, 0x0, 0x9, 0xff, 0xff,
    0x6f, 0xff, 0xf3, 0x0, 0x0, 0x9, 0xff, 0xff,
    0x5f, 0xff, 0xfb, 0x10, 0x0, 0x9, 0xff, 0xff,
    0x1f, 0xff, 0xff, 0xff, 0xff, 0xff, 0xff, 0xff,
    0x9, 0xff, 0xff, 0xff, 0xff, 0xff, 0xff, 0xff,
    0x0, 0xaf, 0xff, 0xff, 0xff, 0xff, 0xff, 0xff,
    0x0, 0x4, 0xad, 0xee, 0xee, 0xef, 0xff, 0xff,
    0x0, 0x0, 0x0, 0x0, 0x0, 0x9, 0xff, 0xff,
    0x0, 0x0, 0x0, 0x0, 0x0, 0x9, 0xff, 0xff,
    0x0, 0x0, 0x0, 0x0, 0x0, 0xa, 0xff, 0xfe,
    0x0, 0x0, 0x0, 0x0, 0x0, 0x2e, 0xff, 0xfd,
    0x3, 0xde, 0xee, 0xee, 0xee, 0xff, 0xff, 0xf9,
    0x6, 0xff, 0xff, 0xff, 0xff, 0xff, 0xff, 0xf2,
    0x6, 0xff, 0xff, 0xff, 0xff, 0xff, 0xff, 0x50,
    0x4, 0xff, 0xff, 0xff, 0xff, 0xfd, 0x92, 0x0,

    /* U+003A ":" */
    0x7f, 0xff, 0xda, 0xff, 0xff, 0xaf, 0xff, 0xfa,
    0xff, 0xff, 0x9f, 0xff, 0xf5, 0xbc, 0xc9, 0x0,
    0x0, 0x0, 0x0, 0x0, 0x0, 0x0, 0x0, 0x0,
    0x0, 0x0, 0x0, 0x0, 0x0, 0x0, 0x5b, 0xcc,
    0x9a, 0xff, 0xff, 0xaf, 0xff, 0xfa, 0xff, 0xff,
    0xaf, 0xff, 0xf7, 0xff, 0xfd,

    /* U+003B ";" */
    0x7f, 0xff, 0xda, 0xff, 0xff, 0xaf, 0xff, 0xfa,
    0xff, 0xff, 0x9f, 0xff, 0xf5, 0xbc, 0xc9, 0x0,
    0x0, 0x0, 0x0, 0x0, 0x0, 0x0, 0x0, 0x0,
    0x0, 0x0, 0x0, 0x0, 0x0, 0x0, 0x38, 0x88,
    0x69, 0xff, 0xff, 0xaf, 0xff, 0xfa, 0xff, 0xff,
    0xaf, 0xff, 0xda, 0xff, 0xf7, 0xaf, 0xfd, 0xa,
    0xff, 0x20, 0xaf, 0x70, 0x8, 0xb0, 0x0,

    /* U+003C "<" */
    0x0, 0x0, 0x0, 0x0, 0x0, 0x0, 0x0, 0x2,
    0x0, 0x0, 0x0, 0x0, 0x0, 0x1, 0x6b, 0xfc,
    0x0, 0x0, 0x0, 0x0, 0x27, 0xcf, 0xff, 0xfc,
    0x0, 0x0, 0x2, 0x8d, 0xff, 0xff, 0xff, 0xfc,
    0x0, 0x38, 0xdf, 0xff, 0xff, 0xff, 0xff, 0xd5,
    0x2d, 0xff, 0xff, 0xff, 0xff, 0xd9, 0x51, 0x0,
    0x7f, 0xff, 0xff, 0xea, 0x51, 0x0, 0x0, 0x0,
    0x8f, 0xff, 0xd5, 0x0, 0x0, 0x0, 0x0, 0x0,
    0x7f, 0xff, 0xff, 0xfb, 0x73, 0x0, 0x0, 0x0,
    0x1c, 0xff, 0xff, 0xff, 0xff, 0xea, 0x62, 0x0,
    0x0, 0x27, 0xcf, 0xff, 0xff, 0xff, 0xff, 0xe6,
    0x0, 0x0, 0x1, 0x6b, 0xff, 0xff, 0xff, 0xfc,
    0x0, 0x0, 0x0, 0x0, 0x16, 0xbf, 0xff, 0xfc,
    0x0, 0x0, 0x0, 0x0, 0x0, 0x0, 0x5a, 0xfc,
    0x0, 0x0, 0x0, 0x0, 0x0, 0x0, 0x0, 0x1,

    /* U+003D "=" */
    0x29, 0x99, 0x99, 0x99, 0x99, 0x99, 0x99, 0x96,
    0x6f, 0xff, 0xff, 0xff, 0xff, 0xff, 0xff, 0xfd,
    0x7f, 0xff, 0xff, 0xff, 0xff, 0xff, 0xff, 0xfd,
    0x5f, 0xff, 0xff, 0xff, 0xff, 0xff, 0xff, 0xfb,
    0x0, 0x0, 0x0, 0x0, 0x0, 0x0, 0x0, 0x0,
    0x0, 0x0, 0x0, 0x0, 0x0, 0x0, 0x0, 0x0,
    0x0, 0x0, 0x0, 0x0, 0x0, 0x0, 0x0, 0x0,
    0x29, 0x99, 0x99, 0x99, 0x99, 0x99, 0x99, 0x96,
    0x6f, 0xff, 0xff, 0xff, 0xff, 0xff, 0xff, 0xfd,
    0x7f, 0xff, 0xff, 0xff, 0xff, 0xff, 0xff, 0xfd,
    0x5f, 0xff, 0xff, 0xff, 0xff, 0xff, 0xff, 0xfb,

    /* U+003E ">" */
    0x12, 0x0, 0x0, 0x0, 0x0, 0x0, 0x0, 0x0,
    0x6f, 0xd8, 0x30, 0x0, 0x0, 0x0, 0x0, 0x0,
    0x7f, 0xff, 0xfe, 0x83, 0x0, 0x0, 0x0, 0x0,
    0x6f, 0xff, 0xff, 0xff, 0xe9, 0x40, 0x0, 0x0,
    0x2b, 0xff, 0xff, 0xff, 0xff, 0xff, 0xa5, 0x0,
    0x0, 0x4, 0x8c, 0xff, 0xff, 0xff, 0xff, 0xf6,
    0x0, 0x0, 0x0, 0x4, 0x8c, 0xff, 0xff, 0xfd,
    0x0, 0x0, 0x0, 0x0, 0x0, 0x3b, 0xff, 0xfd,
    0x0, 0x0, 0x0, 0x15, 0x9e, 0xff, 0xff, 0xfc,
    0x0, 0x15, 0x9d, 0xff, 0xff, 0xff, 0xff, 0xe5,
    0x2c, 0xff, 0xff, 0xff, 0xff, 0xfe, 0x94, 0x0,
    0x6f, 0xff, 0xff, 0xff, 0xd8, 0x30, 0x0, 0x0,
    0x7f, 0xff, 0xfc, 0x72, 0x0, 0x0, 0x0, 0x0,
    0x6f, 0xc7, 0x10, 0x0, 0x0, 0x0, 0x0, 0x0,
    0x1, 0x0, 0x0, 0x0, 0x0, 0x0, 0x0, 0x0,

    /* U+003F "?" */
    0x0, 0x17, 0xcf, 0xff, 0xfe, 0xb5, 0x0, 0x0,
    0x2d, 0xff, 0xff, 0xff, 0xff, 0xfb, 0x0, 0xd,
    0xff, 0xff, 0xff, 0xff, 0xff, 0xf8, 0x4, 0xff,
    0xff, 0xfc, 0xbd, 0xff, 0xff, 0xf0, 0x8f, 0xff,
    0xf4, 0x0, 0x7, 0xff, 0xff, 0x49, 0xff, 0xff,
    0x0, 0x0, 0x2f, 0xff, 0xf5, 0x9f, 0xff, 0xe0,
    0x0, 0x2, 0xff, 0xff, 0x52, 0x66, 0x63, 0x0,
    0x0, 0xbf, 0xff, 0xf2, 0x0, 0x0, 0x0, 0x1,
    0xbf, 0xff, 0xfa, 0x0, 0x0, 0x0, 0x2, 0xdf,
    0xff, 0xfa, 0x0, 0x0, 0x0, 0x2, 0xef, 0xff,
    0xf7, 0x0, 0x0, 0x0, 0x0, 0xaf, 0xff, 0xf5,
    0x0, 0x0, 0x0, 0x0, 0xe, 0xff, 0xf9, 0x0,
    0x0, 0x0, 0x0, 0x0, 0xff, 0xff, 0x60, 0x0,
    0x0, 0x0, 0x0, 0xb, 0xee, 0xd3, 0x0, 0x0,
    0x0, 0x0, 0x0, 0x0, 0x0, 0x0, 0x0, 0x0,
    0x0, 0x0, 0x0, 0x0, 0x0, 0x0, 0x0, 0x0,
    0x0, 0x1, 0xbc, 0xcb, 0x30, 0x0, 0x0, 0x0,
    0x0, 0x3f, 0xff, 0xf6, 0x0, 0x0, 0x0, 0x0,
    0x3, 0xff, 0xff, 0x60, 0x0, 0x0, 0x0, 0x0,
    0x3f, 0xff, 0xf6, 0x0, 0x0, 0x0, 0x0, 0x3,
    0xff, 0xff, 0x60, 0x0, 0x0, 0x0, 0x0, 0x1f,
    0xff, 0xf4, 0x0, 0x0, 0x0,

    /* U+0040 "@" */
    0x0, 0x0, 0x0, 0x47, 0x88, 0x88, 0x88, 0x88,
    0x86, 0x20, 0x0, 0x0, 0x0, 0x1, 0x8f, 0xff,
    0xff, 0xff, 0xff, 0xff, 0xff, 0xfc, 0x30, 0x0,
    0x0, 0x2d, 0xff, 0xff, 0xff, 0xff, 0xff, 0xff,
    0xff, 0xff, 0xf4, 0x0, 0x1, 0xef, 0xfc, 0x52,
    0x0, 0x0, 0x0, 0x0, 0x14, 0xbf, 0xff, 0x20,
    0xb, 0xff, 0x80, 0x0, 0x0, 0x0, 0x0, 0x0,
    0x0, 0x7, 0xff, 0xa0, 0x3f, 0xfa, 0x0, 0x0,
    0x4, 0x55, 0x55, 0x55, 0x51, 0x0, 0xdf, 0xf0,
    0x9f, 0xf2, 0x0, 0x8, 0xff, 0xff, 0xff, 0xff,
    0xf7, 0x0, 0x9f, 0xf1, 0xcf, 0xd0, 0x0, 0xaf,
    0xff, 0xff, 0xff, 0xff, 0xf8, 0x0, 0x8f, 0xf2,
    0xef, 0xb0, 0x4, 0xff, 0xff, 0xff, 0xff, 0xff,
    0xf8, 0x0, 0x8f, 0xf2, 0xff, 0xa0, 0x9, 0xff,
    0xfa, 0x10, 0x3, 0xff, 0xf8, 0x0, 0x8f, 0xf2,
    0xff, 0xa0, 0xc, 0xff, 0xf3, 0x0, 0x2, 0xff,
    0xf8, 0x0, 0x8f, 0xf2, 0xff, 0xa0, 0xd, 0xff,
    0xf2, 0x0, 0x2, 0xff, 0xf8, 0x0, 0x8f, 0xf2,
    0xff, 0xa0, 0xd, 0xff, 0xf2, 0x0, 0x2, 0xff,
    0xf8, 0x0, 0x8f, 0xf2, 0xff, 0xa0, 0xd, 0xff,
    0xf2, 0x0, 0x3, 0xff, 0xf8, 0x0, 0x8f, 0xf2,
    0xff, 0xa0, 0xc, 0xff, 0xf4, 0x0, 0x8, 0xff,
    0xf8, 0x0, 0x9f, 0xf1, 0xff, 0xa0, 0x9, 0xff,
    0xfd, 0x65, 0x9f, 0xff, 0xf8, 0x1, 0xef, 0xf0,
    0xdf, 0xc0, 0x3, 0xff, 0xff, 0xff, 0xff, 0xff,
    0xfe, 0xbe, 0xff, 0x90, 0xbf, 0xf0, 0x0, 0x7f,
    0xff, 0xff, 0xf7, 0xff, 0xff, 0xff, 0xfd, 0x0,
    0x7f, 0xf7, 0x0, 0x4, 0xbf, 0xfc, 0x60, 0x6e,
    0xff, 0xfd, 0x80, 0x0, 0x1f, 0xff, 0x30, 0x0,
    0x0, 0x0, 0x0, 0x0, 0x0, 0x0, 0x0, 0x0,
    0x6, 0xff, 0xf7, 0x0, 0x0, 0x0, 0x0, 0x0,
    0x0, 0x0, 0x0, 0x0, 0x0, 0x8f, 0xff, 0xfb,
    0x98, 0x88, 0x88, 0x88, 0x10, 0x0, 0x0, 0x0,
    0x0, 0x5, 0xef, 0xff, 0xff, 0xff, 0xff, 0xff,
    0x60, 0x0, 0x0, 0x0, 0x0, 0x0, 0x5, 0xad,
    0xff, 0xff, 0xff, 0xff, 0x50, 0x0, 0x0, 0x0,

    /* U+0041 "A" */
    0x0, 0x0, 0x0, 0x4f, 0xff, 0xff, 0xf5, 0x0,
    0x0, 0x0, 0x0, 0x0, 0x0, 0xaf, 0xff, 0xff,
    0xfb, 0x0, 0x0, 0x0, 0x0, 0x0, 0x0, 0xef,
    0xff, 0xff, 0xff, 0x0, 0x0, 0x0, 0x0, 0x0,
    0x2, 0xff, 0xff, 0xff, 0xff, 0x30, 0x0, 0x0,
    0x0, 0x0, 0x7, 0xff, 0xff, 0xff, 0xff, 0x70,
    0x0, 0x0, 0x0, 0x0, 0xb, 0xff, 0xfc, 0xbf,
    0xff, 0xc0, 0x0, 0x0, 0x0, 0x0, 0xf, 0xff,
    0xf8, 0x7f, 0xff, 0xf0, 0x0, 0x0, 0x0, 0x0,
    0x3f, 0xff, 0xf4, 0x3f, 0xff, 0xf4, 0x0, 0x0,
    0x0, 0x0, 0x8f, 0xff, 0xf0, 0xf, 0xff, 0xf8,
    0x0, 0x0, 0x0, 0x0, 0xcf, 0xff, 0xc0, 0xb,
    0xff, 0xfd, 0x0, 0x0, 0x0, 0x0, 0xff, 0xff,
    0x80, 0x7, 0xff, 0xff, 0x10, 0x0, 0x0, 0x4,
    0xff, 0xff, 0x40, 0x3, 0xff, 0xff, 0x50, 0x0,
    0x0, 0x9, 0xff, 0xff, 0x0, 0x0, 0xef, 0xff,
    0x90, 0x0, 0x0, 0xd, 0xff, 0xfc, 0x0, 0x0,
    0xaf, 0xff, 0xd0, 0x0, 0x0, 0x1f, 0xff, 0xf8,
    0x0, 0x0, 0x6f, 0xff, 0xf2, 0x0, 0x0, 0x5f,
    0xff, 0xff, 0xff, 0xff, 0xff, 0xff, 0xf6, 0x0,
    0x0, 0x9f, 0xff, 0xff, 0xff, 0xff, 0xff, 0xff,
    0xfa, 0x0, 0x0, 0xef, 0xff, 0xff, 0xff, 0xff,
    0xff, 0xff, 0xfe, 0x0, 0x2, 0xff, 0xff, 0xc9,
    0x99, 0x99, 0x9c, 0xff, 0xff, 0x30, 0x6, 0xff,
    0xff, 0x40, 0x0, 0x0, 0x3, 0xff, 0xff, 0x70,
    0xa, 0xff, 0xff, 0x0, 0x0, 0x0, 0x0, 0xef,
    0xff, 0xb0, 0xe, 0xff, 0xfb, 0x0, 0x0, 0x0,
    0x0, 0xaf, 0xff, 0xf0, 0x1f, 0xff, 0xf6, 0x0,
    0x0, 0x0, 0x0, 0x5f, 0xff, 0xf2,

    /* U+0042 "B" */
    0x8f, 0xff, 0xff, 0xff, 0xff, 0xfc, 0x81, 0x0,
    0xaf, 0xff, 0xff, 0xff, 0xff, 0xff, 0xfe, 0x20,
    0xaf, 0xff, 0xff, 0xff, 0xff, 0xff, 0xff, 0xd0,
    0xaf, 0xff, 0xfc, 0xbb, 0xbc, 0xff, 0xff, 0xf5,
    0xaf, 0xff, 0xe0, 0x0, 0x0, 0x3f, 0xff, 0xf8,
    0xaf, 0xff, 0xe0, 0x0, 0x0, 0xd, 0xff, 0xfa,
    0xaf, 0xff, 0xe0, 0x0, 0x0, 0xc, 0xff, 0xfa,
    0xaf, 0xff, 0xe0, 0x0, 0x0, 0xd, 0xff, 0xfa,
    0xaf, 0xff, 0xe0, 0x0, 0x0, 0x2f, 0xff, 0xf7,
    0xaf, 0xff, 0xfa, 0xaa, 0xab, 0xff, 0xff, 0xf1,
    0xaf, 0xff, 0xff, 0xff, 0xff, 0xff, 0xfd, 0x30,
    0xaf, 0xff, 0xff, 0xff, 0xff, 0xff, 0xf9, 0x20,
    0xaf, 0xff, 0xff, 0xff, 0xff, 0xff, 0xff, 0xf3,
    0xaf, 0xff, 0xe0, 0x0, 0x0, 0x3e, 0xff, 0xfb,
    0xaf, 0xff, 0xe0, 0x0, 0x0, 0x8, 0xff, 0xfe,
    0xaf, 0xff, 0xe0, 0x0, 0x0, 0x6, 0xff, 0xff,
    0xaf, 0xff, 0xe0, 0x0, 0x0, 0x6, 0xff, 0xff,
    0xaf, 0xff, 0xe0, 0x0, 0x0, 0x7, 0xff, 0xff,
    0xaf, 0xff, 0xe0, 0x0, 0x0, 0xc, 0xff, 0xfe,
    0xaf, 0xff, 0xfc, 0xbb, 0xbc, 0xef, 0xff, 0xfa,
    0xaf, 0xff, 0xff, 0xff, 0xff, 0xff, 0xff, 0xf3,
    0xaf, 0xff, 0xff, 0xff, 0xff, 0xff, 0xff, 0x60,
    0x8f, 0xff, 0xff, 0xff, 0xff, 0xfd, 0xa3, 0x0,

    /* U+0043 "C" */
    0x0, 0x3, 0xad, 0xff, 0xff, 0xff, 0xd8, 0x10,
    0x0, 0x6, 0xff, 0xff, 0xff, 0xff, 0xff, 0xfe,
    0x30, 0x3, 0xff, 0xff, 0xff, 0xff, 0xff, 0xff,
    0xfe, 0x0, 0xaf, 0xff, 0xff, 0xee, 0xee, 0xff,
    0xff, 0xf6, 0xe, 0xff, 0xfe, 0x20, 0x0, 0x4,
    0xff, 0xff, 0xa0, 0xff, 0xff, 0x90, 0x0, 0x0,
    0xd, 0xff, 0xfc, 0xf, 0xff, 0xf8, 0x0, 0x0,
    0x0, 0xcf, 0xff, 0xc0, 0xff, 0xff, 0x80, 0x0,
    0x0, 0xb, 0xff, 0xfb, 0xf, 0xff, 0xf8, 0x0,
    0x0, 0x0, 0x14, 0x44, 0x10, 0xff, 0xff, 0x80,
    0x0, 0x0, 0x0, 0x0, 0x0, 0xf, 0xff, 0xf8,
    0x0, 0x0, 0x0, 0x0, 0x0, 0x0, 0xff, 0xff,
    0x80, 0x0, 0x0, 0x0, 0x0, 0x0, 0xf, 0xff,
    0xf8, 0x0, 0x0, 0x0, 0x0, 0x0, 0x0, 0xff,
    0xff, 0x80, 0x0, 0x0, 0x0, 0x0, 0x0, 0xf,
    0xff, 0xf8, 0x0, 0x0, 0x0, 0x14, 0x44, 0x10,
    0xff, 0xff, 0x80, 0x0, 0x0, 0xb, 0xff, 0xfb,
    0xf, 0xff, 0xf8, 0x0, 0x0, 0x0, 0xcf, 0xff,
    0xc0, 0xff, 0xff, 0x90, 0x0, 0x0, 0xd, 0xff,
    0xfc, 0xe, 0xff, 0xfe, 0x20, 0x0, 0x4, 0xff,
    0xff, 0xa0, 0xaf, 0xff, 0xff, 0xee, 0xee, 0xff,
    0xff, 0xf6, 0x3, 0xff, 0xff, 0xff, 0xff, 0xff,
    0xff, 0xfe, 0x0, 0x6, 0xff, 0xff, 0xff, 0xff,
    0xff, 0xfe, 0x30, 0x0, 0x3, 0xad, 0xff, 0xff,
    0xff, 0xd8, 0x10, 0x0,

    /* U+0044 "D" */
    0x8f, 0xff, 0xff, 0xff, 0xff, 0xfd, 0x92, 0x0,
    0xaf, 0xff, 0xff, 0xff, 0xff, 0xff, 0xff, 0x40,
    0xaf, 0xff, 0xff, 0xff, 0xff, 0xff, 0xff, 0xf2,
    0xaf, 0xff, 0xfe, 0xee, 0xee, 0xff, 0xff, 0xf8,
    0xaf, 0xff, 0xe0, 0x0, 0x0, 0x2f, 0xff, 0xfc,
    0xaf, 0xff, 0xe0, 0x0, 0x0, 0xb, 0xff, 0xfe,
    0xaf, 0xff, 0xe0, 0x0, 0x0, 0xa, 0xff, 0xfe,
    0xaf, 0xff, 0xe0, 0x0, 0x0, 0xa, 0xff, 0xfe,
    0xaf, 0xff, 0xe0, 0x0, 0x0, 0xa, 0xff, 0xfe,
    0xaf, 0xff, 0xe0, 0x0, 0x0, 0xa, 0xff, 0xfe,
    0xaf, 0xff, 0xe0, 0x0, 0x0, 0xa, 0xff, 0xfe,
    0xaf, 0xff, 0xe0, 0x0, 0x0, 0xa, 0xff, 0xfe,
    0xaf, 0xff, 0xe0, 0x0, 0x0, 0xa, 0xff, 0xfe,
    0xaf, 0xff, 0xe0, 0x0, 0x0, 0xa, 0xff, 0xfe,
    0xaf, 0xff, 0xe0, 0x0, 0x0, 0xa, 0xff, 0xfe,
    0xaf, 0xff, 0xe0, 0x0, 0x0, 0xa, 0xff, 0xfe,
    0xaf, 0xff, 0xe0, 0x0, 0x0, 0xa, 0xff, 0xfe,
    0xaf, 0xff, 0xe0, 0x0, 0x0, 0xb, 0xff, 0xfe,
    0xaf, 0xff, 0xe0, 0x0, 0x0, 0x2f, 0xff, 0xfc,
    0xaf, 0xff, 0xfe, 0xee, 0xee, 0xff, 0xff, 0xf8,
    0xaf, 0xff, 0xff, 0xff, 0xff, 0xff, 0xff, 0xf2,
    0xaf, 0xff, 0xff, 0xff, 0xff, 0xff, 0xff, 0x50,
    0x8f, 0xff, 0xff, 0xff, 0xff, 0xfd, 0x92, 0x0,

    /* U+0045 "E" */
    0x8f, 0xff, 0xff, 0xff, 0xff, 0xff, 0xf7, 0xaf,
    0xff, 0xff, 0xff, 0xff, 0xff, 0xf9, 0xaf, 0xff,
    0xff, 0xff, 0xff, 0xff, 0xf9, 0xaf, 0xff, 0xfe,
    0xee, 0xee, 0xee, 0xd6, 0xaf, 0xff, 0xe0, 0x0,
    0x0, 0x0, 0x0, 0xaf, 0xff, 0xe0, 0x0, 0x0,
    0x0, 0x0, 0xaf, 0xff, 0xe0, 0x0, 0x0, 0x0,
    0x0, 0xaf, 0xff, 0xe0, 0x0, 0x0, 0x0, 0x0,
    0xaf, 0xff, 0xe0, 0x0, 0x0, 0x0, 0x0, 0xaf,
    0xff, 0xfe, 0xee, 0xee, 0xed, 0x10, 0xaf, 0xff,
    0xff, 0xff, 0xff, 0xff, 0x40, 0xaf, 0xff, 0xff,
    0xff, 0xff, 0xff, 0x40, 0xaf, 0xff, 0xff, 0xff,
    0xff, 0xff, 0x20, 0xaf, 0xff, 0xe0, 0x0, 0x0,
    0x0, 0x0, 0xaf, 0xff, 0xe0, 0x0, 0x0, 0x0,
    0x0, 0xaf, 0xff, 0xe0, 0x0, 0x0, 0x0, 0x0,
    0xaf, 0xff, 0xe0, 0x0, 0x0, 0x0, 0x0, 0xaf,
    0xff, 0xe0, 0x0, 0x0, 0x0, 0x0, 0xaf, 0xff,
    0xe0, 0x0, 0x0, 0x0, 0x0, 0xaf, 0xff, 0xfe,
    0xee, 0xee, 0xee, 0xd6, 0xaf, 0xff, 0xff, 0xff,
    0xff, 0xff, 0xf9, 0xaf, 0xff, 0xff, 0xff, 0xff,
    0xff, 0xf9, 0x8f, 0xff, 0xff, 0xff, 0xff, 0xff,
    0xf7,

    /* U+0046 "F" */
    0x8f, 0xff, 0xff, 0xff, 0xff, 0xff, 0xf3, 0xaf,
    0xff, 0xff, 0xff, 0xff, 0xff, 0xf4, 0xaf, 0xff,
    0xff, 0xff, 0xff, 0xff, 0xf4, 0xaf, 0xff, 0xfe,
    0xee, 0xee, 0xee, 0xd2, 0xaf, 0xff, 0xe0, 0x0,
    0x0, 0x0, 0x0, 0xaf, 0xff, 0xe0, 0x0, 0x0,
    0x0, 0x0, 0xaf, 0xff, 0xe0, 0x0, 0x0, 0x0,
    0x0, 0xaf, 0xff, 0xe0, 0x0, 0x0, 0x0, 0x0,
    0xaf, 0xff, 0xe0, 0x0, 0x0, 0x0, 0x0, 0xaf,
    0xff, 0xe0, 0x0, 0x0, 0x0, 0x0, 0xaf, 0xff,
    0xfe, 0xee, 0xee, 0xed, 0x10, 0xaf, 0xff, 0xff,
    0xff, 0xff, 0xff, 0x40, 0xaf, 0xff, 0xff, 0xff,
    0xff, 0xff, 0x40, 0xaf, 0xff, 0xff, 0xff, 0xff,
    0xff, 0x20, 0xaf, 0xff, 0xe0, 0x0, 0x0, 0x0,
    0x0, 0xaf, 0xff, 0xe0, 0x0, 0x0, 0x0, 0x0,
    0xaf, 0xff, 0xe0, 0x0, 0x0, 0x0, 0x0, 0xaf,
    0xff, 0xe0, 0x0, 0x0, 0x0, 0x0, 0xaf, 0xff,
    0xe0, 0x0, 0x0, 0x0, 0x0, 0xaf, 0xff, 0xe0,
    0x0, 0x0, 0x0, 0x0, 0xaf, 0xff, 0xe0, 0x0,
    0x0, 0x0, 0x0, 0xaf, 0xff, 0xe0, 0x0, 0x0,
    0x0, 0x0, 0x8f, 0xff, 0xc0, 0x0, 0x0, 0x0,
    0x0,

    /* U+0047 "G" */
    0x0, 0x3, 0xad, 0xff, 0xff, 0xff, 0xc7, 0x10,
    0x0, 0x6, 0xff, 0xff, 0xff, 0xff, 0xff, 0xfe,
    0x20, 0x3, 0xff, 0xff, 0xff, 0xff, 0xff, 0xff,
    0xfd, 0x0, 0xaf, 0xff, 0xff, 0xee, 0xef, 0xff,
    0xff, 0xf4, 0xe, 0xff, 0xfe, 0x20, 0x0, 0x6,
    0xff, 0xff, 0x80, 0xff, 0xff, 0x90, 0x0, 0x0,
    0xf, 0xff, 0xf9, 0xf, 0xff, 0xf8, 0x0, 0x0,
    0x0, 0xef, 0xff, 0xa0, 0xff, 0xff, 0x80, 0x0,
    0x0, 0x5, 0x88, 0x83, 0xf, 0xff, 0xf8, 0x0,
    0x0, 0x0, 0x0, 0x0, 0x0, 0xff, 0xff, 0x80,
    0x0, 0x0, 0x0, 0x0, 0x0, 0xf, 0xff, 0xf8,
    0x0, 0x1d, 0xee, 0xee, 0xed, 0x60, 0xff, 0xff,
    0x80, 0x4, 0xff, 0xff, 0xff, 0xfa, 0xf, 0xff,
    0xf8, 0x0, 0x4f, 0xff, 0xff, 0xff, 0xa0, 0xff,
    0xff, 0x80, 0x2, 0xff, 0xff, 0xff, 0xfa, 0xf,
    0xff, 0xf8, 0x0, 0x0, 0x0, 0xff, 0xff, 0xa0,
    0xff, 0xff, 0x80, 0x0, 0x0, 0xf, 0xff, 0xfa,
    0xf, 0xff, 0xf8, 0x0, 0x0, 0x0, 0xff, 0xff,
    0xa0, 0xff, 0xff, 0x90, 0x0, 0x0, 0xf, 0xff,
    0xf9, 0xe, 0xff, 0xfe, 0x20, 0x0, 0x7, 0xff,
    0xff, 0x80, 0xaf, 0xff, 0xff, 0xee, 0xef, 0xff,
    0xff, 0xf4, 0x3, 0xff, 0xff, 0xff, 0xff, 0xff,
    0xff, 0xfc, 0x0, 0x6, 0xff, 0xff, 0xff, 0xff,
    0xff, 0xfd, 0x20, 0x0, 0x3, 0xad, 0xff, 0xff,
    0xff, 0xc7, 0x0, 0x0,

    /* U+0048 "H" */
    0x8f, 0xff, 0xc0, 0x0, 0x0, 0x1, 0xff, 0xff,
    0x4a, 0xff, 0xfe, 0x0, 0x0, 0x0, 0x2f, 0xff,
    0xf6, 0xaf, 0xff, 0xe0, 0x0, 0x0, 0x2, 0xff,
    0xff, 0x6a, 0xff, 0xfe, 0x0, 0x0, 0x0, 0x2f,
    0xff, 0xf6, 0xaf, 0xff, 0xe0, 0x0, 0x0, 0x2,
    0xff, 0xff, 0x6a, 0xff, 0xfe, 0x0, 0x0, 0x0,
    0x2f, 0xff, 0xf6, 0xaf, 0xff, 0xe0, 0x0, 0x0,
    0x2, 0xff, 0xff, 0x6a, 0xff, 0xfe, 0x0, 0x0,
    0x0, 0x2f, 0xff, 0xf6, 0xaf, 0xff, 0xe0, 0x0,
    0x0, 0x2, 0xff, 0xff, 0x6a, 0xff, 0xfe, 0x0,
    0x0, 0x0, 0x3f, 0xff, 0xf6, 0xaf, 0xff, 0xff,
    0xff, 0xff, 0xff, 0xff, 0xff, 0x6a, 0xff, 0xff,
    0xff, 0xff, 0xff, 0xff, 0xff, 0xf6, 0xaf, 0xff,
    0xff, 0xff, 0xff, 0xff, 0xff, 0xff, 0x6a, 0xff,
    0xff, 0xee, 0xee, 0xee, 0xef, 0xff, 0xf6, 0xaf,
    0xff, 0xe0, 0x0, 0x0, 0x2, 0xff, 0xff, 0x6a,
    0xff, 0xfe, 0x0, 0x0, 0x0, 0x2f, 0xff, 0xf6,
    0xaf, 0xff, 0xe0, 0x0, 0x0, 0x2, 0xff, 0xff,
    0x6a, 0xff, 0xfe, 0x0, 0x0, 0x0, 0x2f, 0xff,
    0xf6, 0xaf, 0xff, 0xe0, 0x0, 0x0, 0x2, 0xff,
    0xff, 0x6a, 0xff, 0xfe, 0x0, 0x0, 0x0, 0x2f,
    0xff, 0xf6, 0xaf, 0xff, 0xe0, 0x0, 0x0, 0x2,
    0xff, 0xff, 0x6a, 0xff, 0xfe, 0x0, 0x0, 0x0,
    0x2f, 0xff, 0xf6, 0x8f, 0xff, 0xc0, 0x0, 0x0,
    0x1, 0xff, 0xff, 0x40,

    /* U+0049 "I" */
    0x5f, 0xff, 0xe0, 0x7f, 0xff, 0xf1, 0x7f, 0xff,
    0xf1, 0x7f, 0xff, 0xf1, 0x7f, 0xff, 0xf1, 0x7f,
    0xff, 0xf1, 0x7f, 0xff, 0xf1, 0x7f, 0xff, 0xf1,
    0x7f, 0xff, 0xf1, 0x7f, 0xff, 0xf1, 0x7f, 0xff,
    0xf1, 0x7f, 0xff, 0xf1, 0x7f, 0xff, 0xf1, 0x7f,
    0xff, 0xf1, 0x7f, 0xff, 0xf1, 0x7f, 0xff, 0xf1,
    0x7f, 0xff, 0xf1, 0x7f, 0xff, 0xf1, 0x7f, 0xff,
    0xf1, 0x7f, 0xff, 0xf1, 0x7f, 0xff, 0xf1, 0x7f,
    0xff, 0xf1, 0x5f, 0xff, 0xe0,

    /* U+004A "J" */
    0x0, 0x0, 0x0, 0x0, 0x0, 0xd, 0xff, 0xf7,
    0x0, 0x0, 0x0, 0x0, 0x0, 0xf, 0xff, 0xf9,
    0x0, 0x0, 0x0, 0x0, 0x0, 0xf, 0xff, 0xf9,
    0x0, 0x0, 0x0, 0x0, 0x0, 0xf, 0xff, 0xf9,
    0x0, 0x0, 0x0, 0x0, 0x0, 0xf, 0xff, 0xf9,
    0x0, 0x0, 0x0, 0x0, 0x0, 0xf, 0xff, 0xf9,
    0x0, 0x0, 0x0, 0x0, 0x0, 0xf, 0xff, 0xf9,
    0x0, 0x0, 0x0, 0x0, 0x0, 0xf, 0xff, 0xf9,
    0x0, 0x0, 0x0, 0x0, 0x0, 0xf, 0xff, 0xf9,
    0x0, 0x0, 0x0, 0x0, 0x0, 0xf, 0xff, 0xf9,
    0x0, 0x0, 0x0, 0x0, 0x0, 0xf, 0xff, 0xf9,
    0x0, 0x0, 0x0, 0x0, 0x0, 0xf, 0xff, 0xf9,
    0x0, 0x0, 0x0, 0x0, 0x0, 0xf, 0xff, 0xf9,
    0xae, 0xee, 0x80, 0x0, 0x0, 0xf, 0xff, 0xf9,
    0xdf, 0xff, 0xb0, 0x0, 0x0, 0xf, 0xff, 0xf9,
    0xdf, 0xff, 0xb0, 0x0, 0x0, 0xf, 0xff, 0xf9,
    0xdf, 0xff, 0xb0, 0x0, 0x0, 0xf, 0xff, 0xf9,
    0xdf, 0xff, 0xc0, 0x0, 0x0, 0xf, 0xff, 0xf9,
    0xbf, 0xff, 0xf3, 0x0, 0x0, 0x7f, 0xff, 0xf7,
    0x7f, 0xff, 0xff, 0xee, 0xef, 0xff, 0xff, 0xf3,
    0x1f, 0xff, 0xff, 0xff, 0xff, 0xff, 0xff, 0xc0,
    0x4, 0xff, 0xff, 0xff, 0xff, 0xff, 0xfd, 0x10,
    0x0, 0x29, 0xdf, 0xff, 0xff, 0xfc, 0x70, 0x0,

    /* U+004B "K" */
    0x8f, 0xff, 0xc0, 0x0, 0x0, 0x3, 0xef, 0xff,
    0xd0, 0xaf, 0xff, 0xe0, 0x0, 0x0, 0xe, 0xff,
    0xff, 0x40, 0xaf, 0xff, 0xe0, 0x0, 0x0, 0xaf,
    0xff, 0xf9, 0x0, 0xaf, 0xff, 0xe0, 0x0, 0x4,
    0xff, 0xff, 0xd0, 0x0, 0xaf, 0xff, 0xe0, 0x0,
    0x1e, 0xff, 0xff, 0x20, 0x0, 0xaf, 0xff, 0xe0,
    0x0, 0xaf, 0xff, 0xf6, 0x0, 0x0, 0xaf, 0xff,
    0xe0, 0x6, 0xff, 0xff, 0xa0, 0x0, 0x0, 0xaf,
    0xff, 0xe0, 0x1f, 0xff, 0xfe, 0x10, 0x0, 0x0,
    0xaf, 0xff, 0xe0, 0xbf, 0xff, 0xf3, 0x0, 0x0,
    0x0, 0xaf, 0xff, 0xe5, 0xff, 0xff, 0x70, 0x0,
    0x0, 0x0, 0xaf, 0xff, 0xed, 0xff, 0xff, 0x20,
    0x0, 0x0, 0x0, 0xaf, 0xff, 0xff, 0xff, 0xff,
    0xc0, 0x0, 0x0, 0x0, 0xaf, 0xff, 0xff, 0xff,
    0xff, 0xf6, 0x0, 0x0, 0x0, 0xaf, 0xff, 0xff,
    0xfd, 0xff, 0xff, 0x10, 0x0, 0x0, 0xaf, 0xff,
    0xff, 0x53, 0xff, 0xff, 0xb0, 0x0, 0x0, 0xaf,
    0xff, 0xf7, 0x0, 0x8f, 0xff, 0xf5, 0x0, 0x0,
    0xaf, 0xff, 0xe0, 0x0, 0xe, 0xff, 0xfe, 0x10,
    0x0, 0xaf, 0xff, 0xe0, 0x0, 0x4, 0xff, 0xff,
    0x90, 0x0, 0xaf, 0xff, 0xe0, 0x0, 0x0, 0xaf,
    0xff, 0xf4, 0x0, 0xaf, 0xff, 0xe0, 0x0, 0x0,
    0x1f, 0xff, 0xfd, 0x0, 0xaf, 0xff, 0xe0, 0x0,
    0x0, 0x6, 0xff, 0xff, 0x80, 0xaf, 0xff, 0xe0,
    0x0, 0x0, 0x0, 0xcf, 0xff, 0xf3, 0x8f, 0xff,
    0xc0, 0x0, 0x0, 0x0, 0x2c, 0xff, 0xf9,

    /* U+004C "L" */
    0x8f, 0xff, 0xc0, 0x0, 0x0, 0x0, 0x0, 0xaf,
    0xff, 0xe0, 0x0, 0x0, 0x0, 0x0, 0xaf, 0xff,
    0xe0, 0x0, 0x0, 0x0, 0x0, 0xaf, 0xff, 0xe0,
    0x0, 0x0, 0x0, 0x0, 0xaf, 0xff, 0xe0, 0x0,
    0x0, 0x0, 0x0, 0xaf, 0xff, 0xe0, 0x0, 0x0,
    0x0, 0x0, 0xaf, 0xff, 0xe0, 0x0, 0x0, 0x0,
    0x0, 0xaf, 0xff, 0xe0, 0x0, 0x0, 0x0, 0x0,
    0xaf, 0xff, 0xe0, 0x0, 0x0, 0x0, 0x0, 0xaf,
    0xff, 0xe0, 0x0, 0x0, 0x0, 0x0, 0xaf, 0xff,
    0xe0, 0x0, 0x0, 0x0, 0x0, 0xaf, 0xff, 0xe0,
    0x0, 0x0, 0x0, 0x0, 0xaf, 0xff, 0xe0, 0x0,
    0x0, 0x0, 0x0, 0xaf, 0xff, 0xe0, 0x0, 0x0,
    0x0, 0x0, 0xaf, 0xff, 0xe0, 0x0, 0x0, 0x0,
    0x0, 0xaf, 0xff, 0xe0, 0x0, 0x0, 0x0, 0x0,
    0xaf, 0xff, 0xe0, 0x0, 0x0, 0x0, 0x0, 0xaf,
    0xff, 0xe0, 0x0, 0x0, 0x0, 0x0, 0xaf, 0xff,
    0xe0, 0x0, 0x0, 0x0, 0x0, 0xaf, 0xff, 0xff,
    0xee, 0xee, 0xee, 0xe7, 0xaf, 0xff, 0xff, 0xff,
    0xff, 0xff, 0xfa, 0xaf, 0xff, 0xff, 0xff, 0xff,
    0xff, 0xfa, 0x8f, 0xff, 0xff, 0xff, 0xff, 0xff,
    0xf8,

    /* U+004D "M" */
    0x8f, 0xff, 0xff, 0xf2, 0x0, 0x0, 0x0, 0xe,
    0xff, 0xff, 0xfa, 0xaf, 0xff, 0xff, 0xf7, 0x0,
    0x0, 0x0, 0x4f, 0xff, 0xff, 0xfc, 0xaf, 0xff,
    0xff, 0xfb, 0x0, 0x0, 0x0, 0x9f, 0xff, 0xff,
    0xfc, 0xaf, 0xff, 0xff, 0xff, 0x10, 0x0, 0x0,
    0xef, 0xff, 0xff, 0xfc, 0xaf, 0xff, 0xff, 0xff,
    0x50, 0x0, 0x3, 0xff, 0xff, 0xff, 0xfc, 0xaf,
    0xff, 0xdf, 0xff, 0xa0, 0x0, 0x8, 0xff, 0xfd,
    0xff, 0xfc, 0xaf, 0xff, 0xca, 0xff, 0xe0, 0x0,
    0xc, 0xff, 0xda, 0xff, 0xfc, 0xaf, 0xff, 0xc5,
    0xff, 0xf4, 0x0, 0x1f, 0xff, 0x8a, 0xff, 0xfc,
    0xaf, 0xff, 0xc1, 0xff, 0xf8, 0x0, 0x6f, 0xff,
    0x3a, 0xff, 0xfc, 0xaf, 0xff, 0xc0, 0xbf, 0xfd,
    0x0, 0xbf, 0xfe, 0xa, 0xff, 0xfc, 0xaf, 0xff,
    0xc0, 0x6f, 0xff, 0x20, 0xff, 0xf9, 0xa, 0xff,
    0xfc, 0xaf, 0xff, 0xc0, 0x1f, 0xff, 0x75, 0xff,
    0xf4, 0xa, 0xff, 0xfc, 0xaf, 0xff, 0xc0, 0xc,
    0xff, 0xca, 0xff, 0xf0, 0xa, 0xff, 0xfc, 0xaf,
    0xff, 0xc0, 0x7, 0xff, 0xff, 0xff, 0xa0, 0xa,
    0xff, 0xfc, 0xaf, 0xff, 0xc0, 0x2, 0xff, 0xff,
    0xff, 0x50, 0xa, 0xff, 0xfc, 0xaf, 0xff, 0xc0,
    0x0, 0xdf, 0xff, 0xff, 0x10, 0xa, 0xff, 0xfc,
    0xaf, 0xff, 0xc0, 0x0, 0x8f, 0xff, 0xfc, 0x0,
    0xa, 0xff, 0xfc, 0xaf, 0xff, 0xc0, 0x0, 0x2f,
    0xff, 0xf5, 0x0, 0xa, 0xff, 0xfc, 0xaf, 0xff,
    0xc0, 0x0, 0x0, 0x0, 0x0, 0x0, 0xa, 0xff,
    0xfc, 0xaf, 0xff, 0xc0, 0x0, 0x0, 0x0, 0x0,
    0x0, 0xa, 0xff, 0xfc, 0xaf, 0xff, 0xc0, 0x0,
    0x0, 0x0, 0x0, 0x0, 0xa, 0xff, 0xfc, 0xaf,
    0xff, 0xc0, 0x0, 0x0, 0x0, 0x0, 0x0, 0xa,
    0xff, 0xfc, 0x8f, 0xff, 0xb0, 0x0, 0x0, 0x0,
    0x0, 0x0, 0x8, 0xff, 0xfa,

    /* U+004E "N" */
    0x8f, 0xff, 0xb0, 0x0, 0x0, 0x0, 0xaf, 0xff,
    0x9a, 0xff, 0xff, 0x50, 0x0, 0x0, 0xc, 0xff,
    0xfb, 0xaf, 0xff, 0xfd, 0x0, 0x0, 0x0, 0xcf,
    0xff, 0xba, 0xff, 0xff, 0xf6, 0x0, 0x0, 0xc,
    0xff, 0xfb, 0xaf, 0xff, 0xff, 0xe0, 0x0, 0x0,
    0xcf, 0xff, 0xba, 0xff, 0xff, 0xff, 0x70, 0x0,
    0xc, 0xff, 0xfb, 0xaf, 0xff, 0xff, 0xff, 0x10,
    0x0, 0xcf, 0xff, 0xba, 0xff, 0xff, 0xff, 0xf8,
    0x0, 0xc, 0xff, 0xfb, 0xaf, 0xff, 0xff, 0xff,
    0xf1, 0x0, 0xcf, 0xff, 0xba, 0xff, 0xfd, 0xbf,
    0xff, 0xa0, 0xc, 0xff, 0xfb, 0xaf, 0xff, 0xd3,
    0xff, 0xff, 0x20, 0xcf, 0xff, 0xba, 0xff, 0xfd,
    0xa, 0xff, 0xfb, 0xc, 0xff, 0xfb, 0xaf, 0xff,
    0xd0, 0x2f, 0xff, 0xf3, 0xcf, 0xff, 0xba, 0xff,
    0xfd, 0x0, 0x9f, 0xff, 0xcc, 0xff, 0xfb, 0xaf,
    0xff, 0xd0, 0x1, 0xff, 0xff, 0xff, 0xff, 0xba,
    0xff, 0xfd, 0x0, 0x7, 0xff, 0xff, 0xff, 0xfb,
    0xaf, 0xff, 0xd0, 0x0, 0xe, 0xff, 0xff, 0xff,
    0xba, 0xff, 0xfd, 0x0, 0x0, 0x6f, 0xff, 0xff,
    0xfb, 0xaf, 0xff, 0xd0, 0x0, 0x0, 0xdf, 0xff,
    0xff, 0xba, 0xff, 0xfd, 0x0, 0x0, 0x5, 0xff,
    0xff, 0xfb, 0xaf, 0xff, 0xd0, 0x0, 0x0, 0xc,
    0xff, 0xff, 0xba, 0xff, 0xfd, 0x0, 0x0, 0x0,
    0x3f, 0xff, 0xfb, 0x8f, 0xff, 0xb0, 0x0, 0x0,
    0x0, 0x9f, 0xff, 0x90,

    /* U+004F "O" */
    0x0, 0x3, 0xad, 0xff, 0xff, 0xff, 0xd9, 0x20,
    0x0, 0x6, 0xff, 0xff, 0xff, 0xff, 0xff, 0xff,
    0x50, 0x3, 0xff, 0xff, 0xff, 0xff, 0xff, 0xff,
    0xff, 0x10, 0xaf, 0xff, 0xff, 0xee, 0xee, 0xff,
    0xff, 0xf8, 0xe, 0xff, 0xfe, 0x10, 0x0, 0x3,
    0xff, 0xff, 0xc0, 0xff, 0xff, 0x90, 0x0, 0x0,
    0xb, 0xff, 0xfd, 0xf, 0xff, 0xf8, 0x0, 0x0,
    0x0, 0xbf, 0xff, 0xe0, 0xff, 0xff, 0x80, 0x0,
    0x0, 0xb, 0xff, 0xfe, 0xf, 0xff, 0xf8, 0x0,
    0x0, 0x0, 0xbf, 0xff, 0xe0, 0xff, 0xff, 0x80,
    0x0, 0x0, 0xb, 0xff, 0xfe, 0xf, 0xff, 0xf8,
    0x0, 0x0, 0x0, 0xbf, 0xff, 0xe0, 0xff, 0xff,
    0x80, 0x0, 0x0, 0xb, 0xff, 0xfe, 0xf, 0xff,
    0xf8, 0x0, 0x0, 0x0, 0xbf, 0xff, 0xe0, 0xff,
    0xff, 0x80, 0x0, 0x0, 0xb, 0xff, 0xfe, 0xf,
    0xff, 0xf8, 0x0, 0x0, 0x0, 0xbf, 0xff, 0xe0,
    0xff, 0xff, 0x80, 0x0, 0x0, 0xb, 0xff, 0xfe,
    0xf, 0xff, 0xf8, 0x0, 0x0, 0x0, 0xbf, 0xff,
    0xe0, 0xff, 0xff, 0x90, 0x0, 0x0, 0xc, 0xff,
    0xfd, 0xe, 0xff, 0xfe, 0x10, 0x0, 0x3, 0xff,
    0xff, 0xc0, 0xaf, 0xff, 0xff, 0xee, 0xee, 0xff,
    0xff, 0xf8, 0x3, 0xff, 0xff, 0xff, 0xff, 0xff,
    0xff, 0xff, 0x10, 0x6, 0xff, 0xff, 0xff, 0xff,
    0xff, 0xff, 0x50, 0x0, 0x3, 0xad, 0xff, 0xff,
    0xff, 0xd9, 0x20, 0x0,

    /* U+0050 "P" */
    0x8f, 0xff, 0xff, 0xff, 0xff, 0xfd, 0x81, 0x0,
    0xaf, 0xff, 0xff, 0xff, 0xff, 0xff, 0xfe, 0x30,
    0xaf, 0xff, 0xff, 0xff, 0xff, 0xff, 0xff, 0xe0,
    0xaf, 0xff, 0xfe, 0xee, 0xee, 0xff, 0xff, 0xf6,
    0xaf, 0xff, 0xe0, 0x0, 0x0, 0x4f, 0xff, 0xfa,
    0xaf, 0xff, 0xe0, 0x0, 0x0, 0xd, 0xff, 0xfc,
    0xaf, 0xff, 0xe0, 0x0, 0x0, 0xc, 0xff, 0xfc,
    0xaf, 0xff, 0xe0, 0x0, 0x0, 0xc, 0xff, 0xfc,
    0xaf, 0xff, 0xe0, 0x0, 0x0, 0xc, 0xff, 0xfc,
    0xaf, 0xff, 0xe0, 0x0, 0x0, 0xd, 0xff, 0xfc,
    0xaf, 0xff, 0xe0, 0x0, 0x0, 0x4f, 0xff, 0xfa,
    0xaf, 0xff, 0xfe, 0xee, 0xef, 0xff, 0xff, 0xf6,
    0xaf, 0xff, 0xff, 0xff, 0xff, 0xff, 0xff, 0xe0,
    0xaf, 0xff, 0xff, 0xff, 0xff, 0xff, 0xfe, 0x30,
    0xaf, 0xff, 0xff, 0xff, 0xff, 0xfd, 0x81, 0x0,
    0xaf, 0xff, 0xe0, 0x0, 0x0, 0x0, 0x0, 0x0,
    0xaf, 0xff, 0xe0, 0x0, 0x0, 0x0, 0x0, 0x0,
    0xaf, 0xff, 0xe0, 0x0, 0x0, 0x0, 0x0, 0x0,
    0xaf, 0xff, 0xe0, 0x0, 0x0, 0x0, 0x0, 0x0,
    0xaf, 0xff, 0xe0, 0x0, 0x0, 0x0, 0x0, 0x0,
    0xaf, 0xff, 0xe0, 0x0, 0x0, 0x0, 0x0, 0x0,
    0xaf, 0xff, 0xe0, 0x0, 0x0, 0x0, 0x0, 0x0,
    0x8f, 0xff, 0xc0, 0x0, 0x0, 0x0, 0x0, 0x0,

    /* U+0051 "Q" */
    0x0, 0x18, 0xdf, 0xff, 0xff, 0xfe, 0xa4, 0x0,
    0x0, 0x3e, 0xff, 0xff, 0xff, 0xff, 0xff, 0xf9,
    0x0, 0xe, 0xff, 0xff, 0xff, 0xff, 0xff, 0xff,
    0xf5, 0x6, 0xff, 0xff, 0xfe, 0xee, 0xef, 0xff,
    0xff, 0xd0, 0x9f, 0xff, 0xf5, 0x0, 0x0, 0x1c,
    0xff, 0xff, 0x1b, 0xff, 0xfe, 0x0, 0x0, 0x0,
    0x6f, 0xff, 0xf2, 0xbf, 0xff, 0xe0, 0x0, 0x0,
    0x5, 0xff, 0xff, 0x3b, 0xff, 0xfe, 0x0, 0x0,
    0x0, 0x5f, 0xff, 0xf3, 0xbf, 0xff, 0xe0, 0x0,
    0x0, 0x5, 0xff, 0xff, 0x3b, 0xff, 0xfe, 0x0,
    0x0, 0x0, 0x5f, 0xff, 0xf3, 0xbf, 0xff, 0xe0,
    0x0, 0x0, 0x5, 0xff, 0xff, 0x3b, 0xff, 0xfe,
    0x0, 0x0, 0x0, 0x5f, 0xff, 0xf3, 0xbf, 0xff,
    0xe0, 0x0, 0x0, 0x5, 0xff, 0xff, 0x3b, 0xff,
    0xfe, 0x0, 0x0, 0x0, 0x5f, 0xff, 0xf3, 0xbf,
    0xff, 0xe0, 0x0, 0x0, 0x5, 0xff, 0xff, 0x3b,
    0xff, 0xfe, 0x0, 0x0, 0x0, 0x5f, 0xff, 0xf3,
    0xbf, 0xff, 0xe0, 0x0, 0x0, 0x5, 0xff, 0xff,
    0x3b, 0xff, 0xfe, 0x0, 0x0, 0x0, 0x6f, 0xff,
    0xf2, 0x9f, 0xff, 0xf5, 0x0, 0x0, 0x1c, 0xff,
    0xff, 0x16, 0xff, 0xff, 0xfe, 0xee, 0xef, 0xff,
    0xff, 0xd0, 0xe, 0xff, 0xff, 0xff, 0xff, 0xff,
    0xff, 0xf5, 0x0, 0x3e, 0xff, 0xff, 0xff, 0xff,
    0xff, 0xf8, 0x0, 0x0, 0x18, 0xdf, 0xff, 0xff,
    0xff, 0xa4, 0x0, 0x0, 0x0, 0x0, 0x0, 0x8f,
    0xff, 0xf3, 0x0, 0x0, 0x0, 0x0, 0x0, 0x0,
    0xdf, 0xff, 0xd0, 0x0, 0x0, 0x0, 0x0, 0x0,
    0x4, 0xff, 0xff, 0x70, 0x0, 0x0, 0x0, 0x0,
    0x0, 0xa, 0xff, 0xff, 0x10, 0x0, 0x0, 0x0,
    0x0, 0x0, 0x6, 0x88, 0x70, 0x0,

    /* U+0052 "R" */
    0x8f, 0xff, 0xff, 0xff, 0xff, 0xec, 0x70, 0x0,
    0xa, 0xff, 0xff, 0xff, 0xff, 0xff, 0xff, 0xd1,
    0x0, 0xaf, 0xff, 0xff, 0xff, 0xff, 0xff, 0xff,
    0xc0, 0xa, 0xff, 0xff, 0xee, 0xee, 0xff, 0xff,
    0xff, 0x30, 0xaf, 0xff, 0xe0, 0x0, 0x0, 0x7f,
    0xff, 0xf8, 0xa, 0xff, 0xfe, 0x0, 0x0, 0x0,
    0xff, 0xff, 0x90, 0xaf, 0xff, 0xe0, 0x0, 0x0,
    0xf, 0xff, 0xfa, 0xa, 0xff, 0xfe, 0x0, 0x0,
    0x0, 0xff, 0xff, 0xa0, 0xaf, 0xff, 0xe0, 0x0,
    0x0, 0xf, 0xff, 0xfa, 0xa, 0xff, 0xfe, 0x0,
    0x0, 0x0, 0xff, 0xff, 0x80, 0xaf, 0xff, 0xe0,
    0x0, 0x1, 0x9f, 0xff, 0xf6, 0xa, 0xff, 0xff,
    0xff, 0xff, 0xff, 0xff, 0xff, 0x10, 0xaf, 0xff,
    0xff, 0xff, 0xff, 0xff, 0xff, 0x70, 0xa, 0xff,
    0xff, 0xff, 0xff, 0xff, 0xff, 0x70, 0x0, 0xaf,
    0xff, 0xfa, 0x9a, 0xff, 0xff, 0x90, 0x0, 0xa,
    0xff, 0xfe, 0x0, 0xd, 0xff, 0xff, 0x10, 0x0,
    0xaf, 0xff, 0xe0, 0x0, 0x5f, 0xff, 0xf8, 0x0,
    0xa, 0xff, 0xfe, 0x0, 0x0, 0xdf, 0xff, 0xf1,
    0x0, 0xaf, 0xff, 0xe0, 0x0, 0x6, 0xff, 0xff,
    0x80, 0xa, 0xff, 0xfe, 0x0, 0x0, 0xe, 0xff,
    0xfe, 0x0, 0xaf, 0xff, 0xe0, 0x0, 0x0, 0x7f,
    0xff, 0xf7, 0xa, 0xff, 0xfe, 0x0, 0x0, 0x0,
    0xff, 0xff, 0xe0, 0x8f, 0xff, 0xc0, 0x0, 0x0,
    0x7, 0xff, 0xff, 0x40,

    /* U+0053 "S" */
    0x0, 0x4, 0xae, 0xff, 0xff, 0xfe, 0xb4, 0x0,
    0x0, 0x9, 0xff, 0xff, 0xff, 0xff, 0xff, 0xf9,
    0x0, 0x6, 0xff, 0xff, 0xff, 0xff, 0xff, 0xff,
    0xf7, 0x0, 0xef, 0xff, 0xff, 0xee, 0xef, 0xff,
    0xff, 0xe0, 0x2f, 0xff, 0xfc, 0x10, 0x0, 0x1c,
    0xff, 0xff, 0x23, 0xff, 0xff, 0x60, 0x0, 0x0,
    0x5f, 0xff, 0xf4, 0x4f, 0xff, 0xf4, 0x0, 0x0,
    0x3, 0xff, 0xff, 0x43, 0xff, 0xff, 0x50, 0x0,
    0x0, 0x3, 0x44, 0x30, 0x2f, 0xff, 0xfd, 0x20,
    0x0, 0x0, 0x0, 0x0, 0x0, 0xef, 0xff, 0xff,
    0xeb, 0x97, 0x30, 0x0, 0x0, 0x8, 0xff, 0xff,
    0xff, 0xff, 0xff, 0xe9, 0x10, 0x0, 0xc, 0xff,
    0xff, 0xff, 0xff, 0xff, 0xfe, 0x20, 0x0, 0x9,
    0xef, 0xff, 0xff, 0xff, 0xff, 0xfd, 0x0, 0x0,
    0x0, 0x37, 0xac, 0xff, 0xff, 0xff, 0xf4, 0x0,
    0x0, 0x0, 0x0, 0x0, 0x3c, 0xff, 0xff, 0x70,
    0x44, 0x44, 0x0, 0x0, 0x0, 0x1f, 0xff, 0xf9,
    0x3f, 0xff, 0xf4, 0x0, 0x0, 0x0, 0xff, 0xff,
    0xa3, 0xff, 0xff, 0x60, 0x0, 0x0, 0xf, 0xff,
    0xf9, 0x1f, 0xff, 0xfc, 0x10, 0x0, 0x8, 0xff,
    0xff, 0x80, 0xdf, 0xff, 0xff, 0xee, 0xef, 0xff,
    0xff, 0xf4, 0x6, 0xff, 0xff, 0xff, 0xff, 0xff,
    0xff, 0xfc, 0x0, 0x9, 0xff, 0xff, 0xff, 0xff,
    0xff, 0xfd, 0x10, 0x0, 0x4, 0xae, 0xff, 0xff,
    0xff, 0xc7, 0x0, 0x0,

    /* U+0054 "T" */
    0x6f, 0xff, 0xff, 0xff, 0xff, 0xff, 0xff, 0xf6,
    0x9f, 0xff, 0xff, 0xff, 0xff, 0xff, 0xff, 0xf8,
    0x9f, 0xff, 0xff, 0xff, 0xff, 0xff, 0xff, 0xf8,
    0x5d, 0xee, 0xef, 0xff, 0xff, 0xee, 0xee, 0xd5,
    0x0, 0x0, 0x5, 0xff, 0xff, 0x40, 0x0, 0x0,
    0x0, 0x0, 0x5, 0xff, 0xff, 0x40, 0x0, 0x0,
    0x0, 0x0, 0x5, 0xff, 0xff, 0x40, 0x0, 0x0,
    0x0, 0x0, 0x5, 0xff, 0xff, 0x40, 0x0, 0x0,
    0x0, 0x0, 0x5, 0xff, 0xff, 0x40, 0x0, 0x0,
    0x0, 0x0, 0x5, 0xff, 0xff, 0x40, 0x0, 0x0,
    0x0, 0x0, 0x5, 0xff, 0xff, 0x40, 0x0, 0x0,
    0x0, 0x0, 0x5, 0xff, 0xff, 0x40, 0x0, 0x0,
    0x0, 0x0, 0x5, 0xff, 0xff, 0x40, 0x0, 0x0,
    0x0, 0x0, 0x5, 0xff, 0xff, 0x40, 0x0, 0x0,
    0x0, 0x0, 0x5, 0xff, 0xff, 0x40, 0x0, 0x0,
    0x0, 0x0, 0x5, 0xff, 0xff, 0x40, 0x0, 0x0,
    0x0, 0x0, 0x5, 0xff, 0xff, 0x40, 0x0, 0x0,
    0x0, 0x0, 0x5, 0xff, 0xff, 0x40, 0x0, 0x0,
    0x0, 0x0, 0x5, 0xff, 0xff, 0x40, 0x0, 0x0,
    0x0, 0x0, 0x5, 0xff, 0xff, 0x40, 0x0, 0x0,
    0x0, 0x0, 0x5, 0xff, 0xff, 0x40, 0x0, 0x0,
    0x0, 0x0, 0x5, 0xff, 0xff, 0x40, 0x0, 0x0,
    0x0, 0x0, 0x3, 0xff, 0xff, 0x20, 0x0, 0x0,

    /* U+0055 "U" */
    0xbf, 0xff, 0x90, 0x0, 0x0, 0x7, 0xff, 0xfd,
    0xdf, 0xff, 0xb0, 0x0, 0x0, 0x9, 0xff, 0xff,
    0xdf, 0xff, 0xb0, 0x0, 0x0, 0x9, 0xff, 0xff,
    0xdf, 0xff, 0xb0, 0x0, 0x0, 0x9, 0xff, 0xff,
    0xdf, 0xff, 0xb0, 0x0, 0x0, 0x9, 0xff, 0xff,
    0xdf, 0xff, 0xb0, 0x0, 0x0, 0x9, 0xff, 0xff,
    0xdf, 0xff, 0xb0, 0x0, 0x0, 0x9, 0xff, 0xff,
    0xdf, 0xff, 0xb0, 0x0, 0x0, 0x9, 0xff, 0xff,
    0xdf, 0xff, 0xb0, 0x0, 0x0, 0x9, 0xff, 0xff,
    0xdf, 0xff, 0xb0, 0x0, 0x0, 0x9, 0xff, 0xff,
    0xdf, 0xff, 0xb0, 0x0, 0x0, 0x9, 0xff, 0xff,
    0xdf, 0xff, 0xb0, 0x0, 0x0, 0x9, 0xff, 0xff,
    0xdf, 0xff, 0xb0, 0x0, 0x0, 0x9, 0xff, 0xff,
    0xdf, 0xff, 0xb0, 0x0, 0x0, 0x9, 0xff, 0xff,
    0xdf, 0xff, 0xb0, 0x0, 0x0, 0x9, 0xff, 0xff,
    0xdf, 0xff, 0xb0, 0x0, 0x0, 0x9, 0xff, 0xff,
    0xdf, 0xff, 0xb0, 0x0, 0x0, 0x9, 0xff, 0xff,
    0xdf, 0xff, 0xc0, 0x0, 0x0, 0xa, 0xff, 0xff,
    0xbf, 0xff, 0xf3, 0x0, 0x0, 0x2e, 0xff, 0xfe,
    0x7f, 0xff, 0xff, 0xee, 0xee, 0xff, 0xff, 0xfa,
    0x1f, 0xff, 0xff, 0xff, 0xff, 0xff, 0xff, 0xf2,
    0x4, 0xff, 0xff, 0xff, 0xff, 0xff, 0xff, 0x60,
    0x0, 0x29, 0xdf, 0xff, 0xff, 0xfd, 0x92, 0x0,

    /* U+0056 "V" */
    0x6f, 0xff, 0xf6, 0x0, 0x0, 0x0, 0x9, 0xff,
    0xff, 0x23, 0xff, 0xff, 0xb0, 0x0, 0x0, 0x0,
    0xef, 0xff, 0xf0, 0xf, 0xff, 0xfe, 0x0, 0x0,
    0x0, 0x2f, 0xff, 0xfc, 0x0, 0xbf, 0xff, 0xf2,
    0x0, 0x0, 0x5, 0xff, 0xff, 0x80, 0x7, 0xff,
    0xff, 0x50, 0x0, 0x0, 0x8f, 0xff, 0xf4, 0x0,
    0x3f, 0xff, 0xf9, 0x0, 0x0, 0xc, 0xff, 0xff,
    0x0, 0x0, 0xef, 0xff, 0xc0, 0x0, 0x0, 0xff,
    0xff, 0xb0, 0x0, 0xa, 0xff, 0xff, 0x0, 0x0,
    0x3f, 0xff, 0xf7, 0x0, 0x0, 0x6f, 0xff, 0xf3,
    0x0, 0x6, 0xff, 0xff, 0x30, 0x0, 0x2, 0xff,
    0xff, 0x60, 0x0, 0xaf, 0xff, 0xf0, 0x0, 0x0,
    0xe, 0xff, 0xfa, 0x0, 0xd, 0xff, 0xfb, 0x0,
    0x0, 0x0, 0xaf, 0xff, 0xd0, 0x1, 0xff, 0xff,
    0x60, 0x0, 0x0, 0x6, 0xff, 0xff, 0x10, 0x4f,
    0xff, 0xf2, 0x0, 0x0, 0x0, 0x1f, 0xff, 0xf4,
    0x7, 0xff, 0xfe, 0x0, 0x0, 0x0, 0x0, 0xdf,
    0xff, 0x80, 0xbf, 0xff, 0xa0, 0x0, 0x0, 0x0,
    0x9, 0xff, 0xfb, 0xe, 0xff, 0xf6, 0x0, 0x0,
    0x0, 0x0, 0x5f, 0xff, 0xe2, 0xff, 0xff, 0x20,
    0x0, 0x0, 0x0, 0x1, 0xff, 0xff, 0x8f, 0xff,
    0xe0, 0x0, 0x0, 0x0, 0x0, 0xd, 0xff, 0xfe,
    0xff, 0xf9, 0x0, 0x0, 0x0, 0x0, 0x0, 0x8f,
    0xff, 0xff, 0xff, 0x50, 0x0, 0x0, 0x0, 0x0,
    0x4, 0xff, 0xff, 0xff, 0xf1, 0x0, 0x0, 0x0,
    0x0, 0x0, 0xf, 0xff, 0xff, 0xfd, 0x0, 0x0,
    0x0, 0x0, 0x0, 0x0, 0xaf, 0xff, 0xff, 0x70,
    0x0, 0x0, 0x0,

    /* U+0057 "W" */
    0x5f, 0xff, 0xfb, 0x0, 0x0, 0x3, 0xff, 0xff,
    0xf3, 0x0, 0x0, 0xa, 0xff, 0xff, 0x65, 0xff,
    0xff, 0xf0, 0x0, 0x0, 0x7f, 0xff, 0xff, 0x70,
    0x0, 0x0, 0xff, 0xff, 0xf6, 0x2f, 0xff, 0xff,
    0x10, 0x0, 0xa, 0xff, 0xff, 0xfa, 0x0, 0x0,
    0x1f, 0xff, 0xff, 0x30, 0xff, 0xff, 0xf3, 0x0,
    0x0, 0xdf, 0xff, 0xff, 0xd0, 0x0, 0x2, 0xff,
    0xff, 0xf0, 0xc, 0xff, 0xff, 0x50, 0x0, 0xf,
    0xff, 0xff, 0xff, 0x0, 0x0, 0x4f, 0xff, 0xfd,
    0x0, 0x9f, 0xff, 0xf7, 0x0, 0x3, 0xff, 0xfd,
    0xff, 0xf4, 0x0, 0x6, 0xff, 0xff, 0xa0, 0x6,
    0xff, 0xff, 0x90, 0x0, 0x7f, 0xff, 0x7f, 0xff,
    0x70, 0x0, 0x8f, 0xff, 0xf7, 0x0, 0x3f, 0xff,
    0xfb, 0x0, 0xa, 0xff, 0xf1, 0xff, 0xfa, 0x0,
    0xa, 0xff, 0xff, 0x40, 0x1, 0xff, 0xff, 0xd0,
    0x0, 0xdf, 0xfe, 0xc, 0xff, 0xd0, 0x0, 0xcf,
    0xff, 0xf1, 0x0, 0xe, 0xff, 0xfe, 0x0, 0xf,
    0xff, 0xa0, 0x9f, 0xff, 0x0, 0xe, 0xff, 0xfe,
    0x0, 0x0, 0xbf, 0xff, 0xf0, 0x3, 0xff, 0xf7,
    0x6, 0xff, 0xf3, 0x0, 0xff, 0xff, 0xc0, 0x0,
    0x8, 0xff, 0xff, 0x20, 0x6f, 0xff, 0x40, 0x3f,
    0xff, 0x70, 0x1f, 0xff, 0xf9, 0x0, 0x0, 0x5f,
    0xff, 0xf4, 0x9, 0xff, 0xf1, 0x0, 0xff, 0xfa,
    0x3, 0xff, 0xff, 0x60, 0x0, 0x2, 0xff, 0xff,
    0x60, 0xcf, 0xfe, 0x0, 0xd, 0xff, 0xd0, 0x5f,
    0xff, 0xf3, 0x0, 0x0, 0xf, 0xff, 0xf8, 0xf,
    0xff, 0xb0, 0x0, 0xaf, 0xff, 0x7, 0xff, 0xff,
    0x0, 0x0, 0x0, 0xdf, 0xff, 0xa3, 0xff, 0xf8,
    0x0, 0x7, 0xff, 0xf3, 0x9f, 0xff, 0xd0, 0x0,
    0x0, 0xa, 0xff, 0xfc, 0x6f, 0xff, 0x50, 0x0,
    0x4f, 0xff, 0x6b, 0xff, 0xfa, 0x0, 0x0, 0x0,
    0x7f, 0xff, 0xe9, 0xff, 0xf2, 0x0, 0x1, 0xff,
    0xfa, 0xcf, 0xff, 0x70, 0x0, 0x0, 0x4, 0xff,
    0xff, 0xef, 0xfe, 0x0, 0x0, 0xd, 0xff, 0xef,
    0xff, 0xf4, 0x0, 0x0, 0x0, 0x1f, 0xff, 0xff,
    0xff, 0xb0, 0x0, 0x0, 0xaf, 0xff, 0xff, 0xff,
    0x10, 0x0, 0x0, 0x0, 0xef, 0xff, 0xff, 0xf8,
    0x0, 0x0, 0x7, 0xff, 0xff, 0xff, 0xf0, 0x0,
    0x0, 0x0, 0xb, 0xff, 0xff, 0xff, 0x50, 0x0,
    0x0, 0x4f, 0xff, 0xff, 0xfc, 0x0, 0x0, 0x0,
    0x0, 0x7f, 0xff, 0xff, 0xe1, 0x0, 0x0, 0x0,
    0xef, 0xff, 0xff, 0x70, 0x0, 0x0,

    /* U+0058 "X" */
    0xd, 0xff, 0xfd, 0x10, 0x0, 0x0, 0x9, 0xff,
    0xff, 0x50, 0x8f, 0xff, 0xf9, 0x0, 0x0, 0x2,
    0xff, 0xff, 0xf1, 0x1, 0xff, 0xff, 0xf0, 0x0,
    0x0, 0x9f, 0xff, 0xf8, 0x0, 0x8, 0xff, 0xff,
    0x70, 0x0, 0x1f, 0xff, 0xfe, 0x0, 0x0, 0x1e,
    0xff, 0xfe, 0x0, 0x7, 0xff, 0xff, 0x70, 0x0,
    0x0, 0x7f, 0xff, 0xf5, 0x0, 0xef, 0xff, 0xe0,
    0x0, 0x0, 0x0, 0xef, 0xff, 0xc0, 0x5f, 0xff,
    0xf6, 0x0, 0x0, 0x0, 0x7, 0xff, 0xff, 0x3c,
    0xff, 0xfd, 0x0, 0x0, 0x0, 0x0, 0xe, 0xff,
    0xfd, 0xff, 0xff, 0x50, 0x0, 0x0, 0x0, 0x0,
    0x6f, 0xff, 0xff, 0xff, 0xd0, 0x0, 0x0, 0x0,
    0x0, 0x0, 0xdf, 0xff, 0xff, 0xf4, 0x0, 0x0,
    0x0, 0x0, 0x0, 0xa, 0xff, 0xff, 0xff, 0x10,
    0x0, 0x0, 0x0, 0x0, 0x2, 0xff, 0xff, 0xff,
    0xf9, 0x0, 0x0, 0x0, 0x0, 0x0, 0xaf, 0xff,
    0xff, 0xff, 0xf1, 0x0, 0x0, 0x0, 0x0, 0x2f,
    0xff, 0xfd, 0xff, 0xff, 0x90, 0x0, 0x0, 0x0,
    0xb, 0xff, 0xff, 0x3c, 0xff, 0xff, 0x10, 0x0,
    0x0, 0x3, 0xff, 0xff, 0xb0, 0x5f, 0xff, 0xf9,
    0x0, 0x0, 0x0, 0xbf, 0xff, 0xf4, 0x0, 0xdf,
    0xff, 0xf2, 0x0, 0x0, 0x3f, 0xff, 0xfc, 0x0,
    0x6, 0xff, 0xff, 0xa0, 0x0, 0xb, 0xff, 0xff,
    0x50, 0x0, 0xe, 0xff, 0xff, 0x20, 0x3, 0xff,
    0xff, 0xd0, 0x0, 0x0, 0x7f, 0xff, 0xfa, 0x0,
    0xbf, 0xff, 0xf6, 0x0, 0x0, 0x0, 0xff, 0xff,
    0xf2, 0x1f, 0xff, 0xfc, 0x0, 0x0, 0x0, 0x7,
    0xff, 0xff, 0x70,

    /* U+0059 "Y" */
    0x8f, 0xff, 0xf6, 0x0, 0x0, 0x0, 0xc, 0xff,
    0xff, 0x23, 0xff, 0xff, 0xe0, 0x0, 0x0, 0x4,
    0xff, 0xff, 0xd0, 0xb, 0xff, 0xff, 0x50, 0x0,
    0x0, 0xbf, 0xff, 0xf5, 0x0, 0x4f, 0xff, 0xfc,
    0x0, 0x0, 0x2f, 0xff, 0xfd, 0x0, 0x0, 0xcf,
    0xff, 0xf2, 0x0, 0x8, 0xff, 0xff, 0x60, 0x0,
    0x5, 0xff, 0xff, 0x90, 0x0, 0xef, 0xff, 0xe0,
    0x0, 0x0, 0xd, 0xff, 0xff, 0x0, 0x5f, 0xff,
    0xf7, 0x0, 0x0, 0x0, 0x5f, 0xff, 0xf6, 0xb,
    0xff, 0xfe, 0x0, 0x0, 0x0, 0x0, 0xdf, 0xff,
    0xd2, 0xff, 0xff, 0x80, 0x0, 0x0, 0x0, 0x6,
    0xff, 0xff, 0xcf, 0xff, 0xf1, 0x0, 0x0, 0x0,
    0x0, 0xe, 0xff, 0xff, 0xff, 0xf8, 0x0, 0x0,
    0x0, 0x0, 0x0, 0x7f, 0xff, 0xff, 0xff, 0x10,
    0x0, 0x0, 0x0, 0x0, 0x0, 0xef, 0xff, 0xff,
    0x90, 0x0, 0x0, 0x0, 0x0, 0x0, 0x8, 0xff,
    0xff, 0xf2, 0x0, 0x0, 0x0, 0x0, 0x0, 0x0,
    0x1f, 0xff, 0xfa, 0x0, 0x0, 0x0, 0x0, 0x0,
    0x0, 0x0, 0xff, 0xff, 0x90, 0x0, 0x0, 0x0,
    0x0, 0x0, 0x0, 0xf, 0xff, 0xf9, 0x0, 0x0,
    0x0, 0x0, 0x0, 0x0, 0x0, 0xff, 0xff, 0x90,
    0x0, 0x0, 0x0, 0x0, 0x0, 0x0, 0xf, 0xff,
    0xf9, 0x0, 0x0, 0x0, 0x0, 0x0, 0x0, 0x0,
    0xff, 0xff, 0x90, 0x0, 0x0, 0x0, 0x0, 0x0,
    0x0, 0xf, 0xff, 0xf9, 0x0, 0x0, 0x0, 0x0,
    0x0, 0x0, 0x0, 0xff, 0xff, 0x90, 0x0, 0x0,
    0x0, 0x0, 0x0, 0x0, 0xd, 0xff, 0xf7, 0x0,
    0x0, 0x0, 0x0,

    /* U+005A "Z" */
    0x7, 0xff, 0xff, 0xff, 0xff, 0xff, 0xff, 0xf7,
    0xa, 0xff, 0xff, 0xff, 0xff, 0xff, 0xff, 0xfa,
    0xa, 0xff, 0xff, 0xff, 0xff, 0xff, 0xff, 0xfa,
    0x9, 0xff, 0xff, 0xff, 0xff, 0xff, 0xff, 0xf9,
    0x0, 0x33, 0x33, 0x33, 0x33, 0xaf, 0xff, 0xf8,
    0x0, 0x0, 0x0, 0x0, 0x2, 0xff, 0xff, 0xf3,
    0x0, 0x0, 0x0, 0x0, 0xc, 0xff, 0xff, 0x90,
    0x0, 0x0, 0x0, 0x0, 0x7f, 0xff, 0xfd, 0x0,
    0x0, 0x0, 0x0, 0x2, 0xff, 0xff, 0xf3, 0x0,
    0x0, 0x0, 0x0, 0xc, 0xff, 0xff, 0x80, 0x0,
    0x0, 0x0, 0x0, 0x8f, 0xff, 0xfc, 0x0, 0x0,
    0x0, 0x0, 0x3, 0xff, 0xff, 0xf2, 0x0, 0x0,
    0x0, 0x0, 0xd, 0xff, 0xff, 0x60, 0x0, 0x0,
    0x0, 0x0, 0x8f, 0xff, 0xfb, 0x0, 0x0, 0x0,
    0x0, 0x3, 0xff, 0xff, 0xf1, 0x0, 0x0, 0x0,
    0x0, 0xd, 0xff, 0xff, 0x50, 0x0, 0x0, 0x0,
    0x0, 0x9f, 0xff, 0xfa, 0x0, 0x0, 0x0, 0x0,
    0x4, 0xff, 0xff, 0xe1, 0x0, 0x0, 0x0, 0x0,
    0xd, 0xff, 0xff, 0x83, 0x33, 0x33, 0x33, 0x32,
    0x3f, 0xff, 0xff, 0xff, 0xff, 0xff, 0xff, 0xff,
    0x4f, 0xff, 0xff, 0xff, 0xff, 0xff, 0xff, 0xff,
    0x4f, 0xff, 0xff, 0xff, 0xff, 0xff, 0xff, 0xff,
    0x2f, 0xff, 0xff, 0xff, 0xff, 0xff, 0xff, 0xfd,

    /* U+005B "[" */
    0x2f, 0xff, 0xff, 0xf4, 0x3f, 0xff, 0xff, 0xf6,
    0x3f, 0xff, 0xff, 0xf4, 0x3f, 0xff, 0x70, 0x0,
    0x3f, 0xff, 0x70, 0x0, 0x3f, 0xff, 0x70, 0x0,
    0x3f, 0xff, 0x70, 0x0, 0x3f, 0xff, 0x70, 0x0,
    0x3f, 0xff, 0x70, 0x0, 0x3f, 0xff, 0x70, 0x0,
    0x3f, 0xff, 0x70, 0x0, 0x3f, 0xff, 0x70, 0x0,
    0x3f, 0xff, 0x70, 0x0, 0x3f, 0xff, 0x70, 0x0,
    0x3f, 0xff, 0x70, 0x0, 0x3f, 0xff, 0x70, 0x0,
    0x3f, 0xff, 0x70, 0x0, 0x3f, 0xff, 0x70, 0x0,
    0x3f, 0xff, 0x70, 0x0, 0x3f, 0xff, 0x70, 0x0,
    0x3f, 0xff, 0x70, 0x0, 0x3f, 0xff, 0x70, 0x0,
    0x3f, 0xff, 0x70, 0x0, 0x3f, 0xff, 0xff, 0xf4,
    0x3f, 0xff, 0xff, 0xf6, 0x2f, 0xff, 0xff, 0xf4,

    /* U+005C "\\" */
    0xd, 0xff, 0xf4, 0x0, 0x0, 0x0, 0x0, 0x9,
    0xff, 0xfb, 0x0, 0x0, 0x0, 0x0, 0x3, 0xff,
    0xff, 0x10, 0x0, 0x0, 0x0, 0x0, 0xdf, 0xff,
    0x70, 0x0, 0x0, 0x0, 0x0, 0x7f, 0xff, 0xd0,
    0x0, 0x0, 0x0, 0x0, 0x1f, 0xff, 0xf4, 0x0,
    0x0, 0x0, 0x0, 0xb, 0xff, 0xfa, 0x0, 0x0,
    0x0, 0x0, 0x5, 0xff, 0xff, 0x0, 0x0, 0x0,
    0x0, 0x0, 0xef, 0xff, 0x60, 0x0, 0x0, 0x0,
    0x0, 0x8f, 0xff, 0xc0, 0x0, 0x0, 0x0, 0x0,
    0x2f, 0xff, 0xf2, 0x0, 0x0, 0x0, 0x0, 0xc,
    0xff, 0xf8, 0x0, 0x0, 0x0, 0x0, 0x6, 0xff,
    0xfe, 0x0, 0x0, 0x0, 0x0, 0x0, 0xff, 0xff,
    0x40, 0x0, 0x0, 0x0, 0x0, 0xaf, 0xff, 0xa0,
    0x0, 0x0, 0x0, 0x0, 0x4f, 0xff, 0xf1, 0x0,
    0x0, 0x0, 0x0, 0xd, 0xff, 0xf6, 0x0, 0x0,
    0x0, 0x0, 0x7, 0xff, 0xfc, 0x0, 0x0, 0x0,
    0x0, 0x1, 0xff, 0xff, 0x30, 0x0, 0x0, 0x0,
    0x0, 0xbf, 0xff, 0x90, 0x0, 0x0, 0x0, 0x0,
    0x5f, 0xff, 0xe0, 0x0, 0x0, 0x0, 0x0, 0xe,
    0xff, 0xf5, 0x0, 0x0, 0x0, 0x0, 0x7, 0xff,
    0xf9,

    /* U+005D "]" */
    0xbf, 0xff, 0xff, 0xad, 0xff, 0xff, 0xfc, 0xbf,
    0xff, 0xff, 0xc0, 0x0, 0xef, 0xfc, 0x0, 0xe,
    0xff, 0xc0, 0x0, 0xef, 0xfc, 0x0, 0xe, 0xff,
    0xc0, 0x0, 0xef, 0xfc, 0x0, 0xe, 0xff, 0xc0,
    0x0, 0xef, 0xfc, 0x0, 0xe, 0xff, 0xc0, 0x0,
    0xef, 0xfc, 0x0, 0xe, 0xff, 0xc0, 0x0, 0xef,
    0xfc, 0x0, 0xe, 0xff, 0xc0, 0x0, 0xef, 0xfc,
    0x0, 0xe, 0xff, 0xc0, 0x0, 0xef, 0xfc, 0x0,
    0xe, 0xff, 0xc0, 0x0, 0xef, 0xfc, 0x0, 0xe,
    0xff, 0xc0, 0x0, 0xef, 0xfc, 0x0, 0xe, 0xff,
    0xcb, 0xff, 0xff, 0xfc, 0xdf, 0xff, 0xff, 0xcb,
    0xff, 0xff, 0xfa,

    /* U+005E "^" */
    0x0, 0x0, 0x9, 0xff, 0xff, 0xd1, 0x0, 0x0,
    0x0, 0x0, 0x3, 0xff, 0xff, 0xff, 0x90, 0x0,
    0x0, 0x0, 0x0, 0xcf, 0xff, 0xff, 0xff, 0x20,
    0x0, 0x0, 0x0, 0x4f, 0xff, 0xd8, 0xff, 0xfa,
    0x0, 0x0, 0x0, 0xd, 0xff, 0xf6, 0x1f, 0xff,
    0xf3, 0x0, 0x0, 0x5, 0xff, 0xfd, 0x0, 0x8f,
    0xff, 0xb0, 0x0, 0x0, 0xdf, 0xff, 0x50, 0x1,
    0xef, 0xff, 0x30, 0x0, 0x6f, 0xff, 0xd0, 0x0,
    0x7, 0xff, 0xfc, 0x0, 0xe, 0xff, 0xf5, 0x0,
    0x0, 0xe, 0xff, 0xf4, 0x5, 0xff, 0xfb, 0x0,
    0x0, 0x0, 0x6f, 0xff, 0xb0,

    /* U+005F "_" */
    0x57, 0x77, 0x77, 0x77, 0x77, 0x77, 0x61, 0xff,
    0xff, 0xff, 0xff, 0xff, 0xff, 0xf5, 0xdf, 0xff,
    0xff, 0xff, 0xff, 0xff, 0xf4,

    /* U+0060 "`" */
    0x8, 0x88, 0x85, 0x0, 0x0, 0x9f, 0xff, 0xf4,
    0x0, 0x0, 0xbf, 0xff, 0xc0, 0x0, 0x1, 0xdf,
    0xff, 0x40, 0x0, 0x2, 0xdf, 0xfb, 0x0,

    /* U+0061 "a" */
    0x0, 0x6, 0xbe, 0xff, 0xff, 0xff, 0xff, 0xf8,
    0x0, 0xbf, 0xff, 0xff, 0xff, 0xff, 0xff, 0xfa,
    0x9, 0xff, 0xff, 0xff, 0xff, 0xff, 0xff, 0xfa,
    0xf, 0xff, 0xff, 0xfe, 0xee, 0xef, 0xff, 0xfa,
    0x4f, 0xff, 0xfa, 0x0, 0x0, 0xe, 0xff, 0xfa,
    0x5f, 0xff, 0xf3, 0x0, 0x0, 0xe, 0xff, 0xfa,
    0x6f, 0xff, 0xf3, 0x0, 0x0, 0xe, 0xff, 0xfa,
    0x6f, 0xff, 0xf3, 0x0, 0x0, 0xe, 0xff, 0xfa,
    0x6f, 0xff, 0xf3, 0x0, 0x0, 0xe, 0xff, 0xfa,
    0x6f, 0xff, 0xf3, 0x0, 0x0, 0xe, 0xff, 0xfa,
    0x6f, 0xff, 0xf3, 0x0, 0x0, 0xe, 0xff, 0xfa,
    0x6f, 0xff, 0xf3, 0x0, 0x0, 0xe, 0xff, 0xfa,
    0x5f, 0xff, 0xf3, 0x0, 0x0, 0x1f, 0xff, 0xfa,
    0x4f, 0xff, 0xf9, 0x0, 0x0, 0xaf, 0xff, 0xfa,
    0xf, 0xff, 0xff, 0xfe, 0xef, 0xff, 0xff, 0xfa,
    0x9, 0xff, 0xff, 0xff, 0xff, 0xff, 0xff, 0xfa,
    0x0, 0xbf, 0xff, 0xff, 0xff, 0xae, 0xff, 0xfa,
    0x0, 0x6, 0xbe, 0xff, 0xd8, 0xc, 0xff, 0xf8,

    /* U+0062 "b" */
    0xd, 0xff, 0xf6, 0x0, 0x0, 0x0, 0x0, 0x0,
    0x0, 0xff, 0xff, 0x80, 0x0, 0x0, 0x0, 0x0,
    0x0, 0xf, 0xff, 0xf8, 0x0, 0x0, 0x0, 0x0,
    0x0, 0x0, 0xff, 0xff, 0x80, 0x0, 0x0, 0x0,
    0x0, 0x0, 0xf, 0xff, 0xf8, 0x0, 0x0, 0x0,
    0x0, 0x0, 0x0, 0xff, 0xff, 0x80, 0x0, 0x0,
    0x0, 0x0, 0x0, 0xf, 0xff, 0xf8, 0x0, 0x0,
    0x0, 0x0, 0x0, 0x0, 0xff, 0xff, 0x82, 0xae,
    0xff, 0xeb, 0x50, 0x0, 0xf, 0xff, 0xfa, 0xef,
    0xff, 0xff, 0xff, 0xb0, 0x0, 0xff, 0xff, 0xff,
    0xff, 0xff, 0xff, 0xff, 0x80, 0xf, 0xff, 0xff,
    0xff, 0xee, 0xff, 0xff, 0xff, 0x0, 0xff, 0xff,
    0xf5, 0x0, 0x0, 0xbf, 0xff, 0xf3, 0xf, 0xff,
    0xfb, 0x0, 0x0, 0x4, 0xff, 0xff, 0x40, 0xff,
    0xff, 0x90, 0x0, 0x0, 0x4f, 0xff, 0xf5, 0xf,
    0xff, 0xf8, 0x0, 0x0, 0x4, 0xff, 0xff, 0x50,
    0xff, 0xff, 0x80, 0x0, 0x0, 0x4f, 0xff, 0xf5,
    0xf, 0xff, 0xf8, 0x0, 0x0, 0x4, 0xff, 0xff,
    0x50, 0xff, 0xff, 0x80, 0x0, 0x0, 0x4f, 0xff,
    0xf5, 0xf, 0xff, 0xf8, 0x0, 0x0, 0x4, 0xff,
    0xff, 0x50, 0xff, 0xff, 0x80, 0x0, 0x0, 0x4f,
    0xff, 0xf4, 0xf, 0xff, 0xf8, 0x0, 0x0, 0xb,
    0xff, 0xff, 0x30, 0xff, 0xff, 0xfe, 0xee, 0xef,
    0xff, 0xff, 0xf0, 0xf, 0xff, 0xff, 0xff, 0xff,
    0xff, 0xff, 0xf8, 0x0, 0xff, 0xff, 0xff, 0xff,
    0xff, 0xff, 0xfb, 0x0, 0xd, 0xff, 0xff, 0xff,
    0xff, 0xfe, 0xb5, 0x0, 0x0,

    /* U+0063 "c" */
    0x0, 0x6, 0xbe, 0xff, 0xff, 0xff, 0x80, 0xb,
    0xff, 0xff, 0xff, 0xff, 0xfb, 0x9, 0xff, 0xff,
    0xff, 0xff, 0xff, 0xb0, 0xff, 0xff, 0xff, 0xee,
    0xee, 0xd7, 0x4f, 0xff, 0xfa, 0x0, 0x0, 0x0,
    0x5, 0xff, 0xff, 0x30, 0x0, 0x0, 0x0, 0x6f,
    0xff, 0xf3, 0x0, 0x0, 0x0, 0x6, 0xff, 0xff,
    0x30, 0x0, 0x0, 0x0, 0x6f, 0xff, 0xf3, 0x0,
    0x0, 0x0, 0x6, 0xff, 0xff, 0x30, 0x0, 0x0,
    0x0, 0x6f, 0xff, 0xf3, 0x0, 0x0, 0x0, 0x6,
    0xff, 0xff, 0x30, 0x0, 0x0, 0x0, 0x5f, 0xff,
    0xf3, 0x0, 0x0, 0x0, 0x4, 0xff, 0xff, 0xa0,
    0x0, 0x0, 0x0, 0xf, 0xff, 0xff, 0xfe, 0xee,
    0xed, 0x70, 0x9f, 0xff, 0xff, 0xff, 0xff, 0xfb,
    0x0, 0xbf, 0xff, 0xff, 0xff, 0xff, 0xb0, 0x0,
    0x6b, 0xef, 0xff, 0xff, 0xf9,

    /* U+0064 "d" */
    0x0, 0x0, 0x0, 0x0, 0x0, 0x7, 0xff, 0xfd,
    0x0, 0x0, 0x0, 0x0, 0x0, 0x9, 0xff, 0xff,
    0x0, 0x0, 0x0, 0x0, 0x0, 0x9, 0xff, 0xff,
    0x0, 0x0, 0x0, 0x0, 0x0, 0x9, 0xff, 0xff,
    0x0, 0x0, 0x0, 0x0, 0x0, 0x9, 0xff, 0xff,
    0x0, 0x0, 0x0, 0x0, 0x0, 0x9, 0xff, 0xff,
    0x0, 0x0, 0x0, 0x0, 0x0, 0x9, 0xff, 0xff,
    0x0, 0x7, 0xcf, 0xff, 0xe9, 0x19, 0xff, 0xff,
    0x1, 0xdf, 0xff, 0xff, 0xff, 0xeb, 0xff, 0xff,
    0xa, 0xff, 0xff, 0xff, 0xff, 0xff, 0xff, 0xff,
    0x1f, 0xff, 0xff, 0xfe, 0xef, 0xff, 0xff, 0xff,
    0x4f, 0xff, 0xfa, 0x0, 0x0, 0x6f, 0xff, 0xff,
    0x5f, 0xff, 0xf3, 0x0, 0x0, 0xc, 0xff, 0xff,
    0x6f, 0xff, 0xf3, 0x0, 0x0, 0xa, 0xff, 0xff,
    0x6f, 0xff, 0xf3, 0x0, 0x0, 0x9, 0xff, 0xff,
    0x6f, 0xff, 0xf3, 0x0, 0x0, 0x9, 0xff, 0xff,
    0x6f, 0xff, 0xf3, 0x0, 0x0, 0x9, 0xff, 0xff,
    0x6f, 0xff, 0xf3, 0x0, 0x0, 0x9, 0xff, 0xff,
    0x6f, 0xff, 0xf3, 0x0, 0x0, 0xa, 0xff, 0xff,
    0x5f, 0xff, 0xf3, 0x0, 0x0, 0xc, 0xff, 0xff,
    0x4f, 0xff, 0xf9, 0x0, 0x0, 0x6f, 0xff, 0xff,
    0x1f, 0xff, 0xff, 0xfe, 0xef, 0xff, 0xff, 0xff,
    0xa, 0xff, 0xff, 0xff, 0xff, 0xff, 0xff, 0xff,
    0x1, 0xdf, 0xff, 0xff, 0xff, 0xeb, 0xff, 0xff,
    0x0, 0x7, 0xcf, 0xff, 0xea, 0x17, 0xff, 0xfd,

    /* U+0065 "e" */
    0x0, 0x6, 0xbe, 0xff, 0xff, 0xeb, 0x50, 0x0,
    0x0, 0xbf, 0xff, 0xff, 0xff, 0xff, 0xfb, 0x0,
    0x9, 0xff, 0xff, 0xff, 0xff, 0xff, 0xff, 0x80,
    0xf, 0xff, 0xff, 0xfd, 0xdf, 0xff, 0xff, 0xf0,
    0x4f, 0xff, 0xf9, 0x0, 0x0, 0x9f, 0xff, 0xf3,
    0x5f, 0xff, 0xf3, 0x0, 0x0, 0x3f, 0xff, 0xf5,
    0x6f, 0xff, 0xf2, 0x0, 0x0, 0x2f, 0xff, 0xf5,
    0x6f, 0xff, 0xf3, 0x0, 0x0, 0x3f, 0xff, 0xf5,
    0x6f, 0xff, 0xff, 0xff, 0xff, 0xff, 0xff, 0xf5,
    0x6f, 0xff, 0xff, 0xff, 0xff, 0xff, 0xff, 0xf5,
    0x6f, 0xff, 0xff, 0xff, 0xff, 0xff, 0xff, 0xf3,
    0x6f, 0xff, 0xf2, 0x0, 0x0, 0x0, 0x0, 0x0,
    0x5f, 0xff, 0xf2, 0x0, 0x0, 0x0, 0x0, 0x0,
    0x4f, 0xff, 0xf8, 0x0, 0x0, 0x0, 0x0, 0x0,
    0xf, 0xff, 0xff, 0xed, 0xdd, 0xdd, 0xdd, 0xc1,
    0x9, 0xff, 0xff, 0xff, 0xff, 0xff, 0xff, 0xf4,
    0x0, 0xbf, 0xff, 0xff, 0xff, 0xff, 0xff, 0xf4,
    0x0, 0x6, 0xbe, 0xff, 0xff, 0xff, 0xff, 0xf2,

    /* U+0066 "f" */
    0x0, 0x0, 0x0, 0x6b, 0xef, 0xff, 0x30, 0x0,
    0x0, 0xbf, 0xff, 0xff, 0xf4, 0x0, 0x0, 0x8f,
    0xff, 0xff, 0xff, 0x40, 0x0, 0xf, 0xff, 0xff,
    0xfe, 0xd2, 0x0, 0x3, 0xff, 0xff, 0xa0, 0x0,
    0x0, 0x0, 0x4f, 0xff, 0xf4, 0x0, 0x0, 0x0,
    0x5, 0xff, 0xff, 0x40, 0x0, 0x1, 0xff, 0xff,
    0xff, 0xff, 0xff, 0xf3, 0x2f, 0xff, 0xff, 0xff,
    0xff, 0xff, 0x42, 0xff, 0xff, 0xff, 0xff, 0xff,
    0xf4, 0x1d, 0xef, 0xff, 0xff, 0xee, 0xed, 0x20,
    0x0, 0x5f, 0xff, 0xf4, 0x0, 0x0, 0x0, 0x5,
    0xff, 0xff, 0x40, 0x0, 0x0, 0x0, 0x5f, 0xff,
    0xf4, 0x0, 0x0, 0x0, 0x5, 0xff, 0xff, 0x40,
    0x0, 0x0, 0x0, 0x5f, 0xff, 0xf4, 0x0, 0x0,
    0x0, 0x5, 0xff, 0xff, 0x40, 0x0, 0x0, 0x0,
    0x5f, 0xff, 0xf4, 0x0, 0x0, 0x0, 0x5, 0xff,
    0xff, 0x40, 0x0, 0x0, 0x0, 0x5f, 0xff, 0xf4,
    0x0, 0x0, 0x0, 0x5, 0xff, 0xff, 0x40, 0x0,
    0x0, 0x0, 0x5f, 0xff, 0xf4, 0x0, 0x0, 0x0,
    0x5, 0xff, 0xff, 0x40, 0x0, 0x0, 0x0, 0x5f,
    0xff, 0xf4, 0x0, 0x0, 0x0, 0x3, 0xff, 0xff,
    0x20, 0x0, 0x0,

    /* U+0067 "g" */
    0x0, 0x5, 0xbe, 0xff, 0xff, 0xff, 0xff, 0xf8,
    0x0, 0xbf, 0xff, 0xff, 0xff, 0xff, 0xff, 0xfb,
    0x9, 0xff, 0xff, 0xff, 0xff, 0xff, 0xff, 0xfb,
    0xf, 0xff, 0xff, 0xfe, 0xee, 0xef, 0xff, 0xfb,
    0x3f, 0xff, 0xfa, 0x0, 0x0, 0xe, 0xff, 0xfb,
    0x5f, 0xff, 0xf4, 0x0, 0x0, 0xe, 0xff, 0xfb,
    0x5f, 0xff, 0xf3, 0x0, 0x0, 0xe, 0xff, 0xfb,
    0x5f, 0xff, 0xf3, 0x0, 0x0, 0xe, 0xff, 0xfb,
    0x5f, 0xff, 0xf3, 0x0, 0x0, 0xe, 0xff, 0xfb,
    0x5f, 0xff, 0xf3, 0x0, 0x0, 0xe, 0xff, 0xfb,
    0x5f, 0xff, 0xf3, 0x0, 0x0, 0xe, 0xff, 0xfb,
    0x5f, 0xff, 0xf4, 0x0, 0x0, 0xf, 0xff, 0xfb,
    0x4f, 0xff, 0xfa, 0x0, 0x1, 0xaf, 0xff, 0xfb,
    0xf, 0xff, 0xff, 0xfe, 0xef, 0xff, 0xff, 0xfb,
    0xa, 0xff, 0xff, 0xff, 0xff, 0xff, 0xff, 0xfb,
    0x1, 0xdf, 0xff, 0xff, 0xff, 0xbe, 0xff, 0xfb,
    0x0, 0x7, 0xcf, 0xff, 0xd8, 0xe, 0xff, 0xfb,
    0x0, 0x0, 0x0, 0x0, 0x0, 0xe, 0xff, 0xfb,
    0x0, 0x0, 0x0, 0x0, 0x0, 0xf, 0xff, 0xfa,
    0x0, 0x0, 0x0, 0x0, 0x0, 0x7f, 0xff, 0xf9,
    0x0, 0xcf, 0xff, 0xff, 0xff, 0xff, 0xff, 0xf5,
    0x0, 0xef, 0xff, 0xff, 0xff, 0xff, 0xff, 0xd0,
    0x0, 0xef, 0xff, 0xff, 0xff, 0xff, 0xfd, 0x20,
    0x0, 0xbe, 0xee, 0xee, 0xee, 0xdb, 0x60, 0x0,

    /* U+0068 "h" */
    0xd, 0xff, 0xf6, 0x0, 0x0, 0x0, 0x0, 0x0,
    0x0, 0xff, 0xff, 0x80, 0x0, 0x0, 0x0, 0x0,
    0x0, 0xf, 0xff, 0xf8, 0x0, 0x0, 0x0, 0x0,
    0x0, 0x0, 0xff, 0xff, 0x80, 0x0, 0x0, 0x0,
    0x0, 0x0, 0xf, 0xff, 0xf8, 0x0, 0x0, 0x0,
    0x0, 0x0, 0x0, 0xff, 0xff, 0x80, 0x0, 0x0,
    0x0, 0x0, 0x0, 0xf, 0xff, 0xf8, 0x0, 0x0,
    0x0, 0x0, 0x0, 0x0, 0xff, 0xff, 0x83, 0xbe,
    0xff, 0xeb, 0x50, 0x0, 0xf, 0xff, 0xfa, 0xff,
    0xff, 0xff, 0xff, 0x90, 0x0, 0xff, 0xff, 0xff,
    0xff, 0xff, 0xff, 0xff, 0x50, 0xf, 0xff, 0xff,
    0xff, 0xee, 0xff, 0xff, 0xfb, 0x0, 0xff, 0xff,
    0xf5, 0x0, 0x2, 0xef, 0xff, 0xe0, 0xf, 0xff,
    0xfb, 0x0, 0x0, 0x9, 0xff, 0xff, 0x0, 0xff,
    0xff, 0x90, 0x0, 0x0, 0x8f, 0xff, 0xf0, 0xf,
    0xff, 0xf8, 0x0, 0x0, 0x8, 0xff, 0xff, 0x0,
    0xff, 0xff, 0x80, 0x0, 0x0, 0x8f, 0xff, 0xf0,
    0xf, 0xff, 0xf8, 0x0, 0x0, 0x8, 0xff, 0xff,
    0x0, 0xff, 0xff, 0x80, 0x0, 0x0, 0x8f, 0xff,
    0xf0, 0xf, 0xff, 0xf8, 0x0, 0x0, 0x8, 0xff,
    0xff, 0x0, 0xff, 0xff, 0x80, 0x0, 0x0, 0x8f,
    0xff, 0xf0, 0xf, 0xff, 0xf8, 0x0, 0x0, 0x8,
    0xff, 0xff, 0x0, 0xff, 0xff, 0x80, 0x0, 0x0,
    0x8f, 0xff, 0xf0, 0xf, 0xff, 0xf8, 0x0, 0x0,
    0x8, 0xff, 0xff, 0x0, 0xff, 0xff, 0x80, 0x0,
    0x0, 0x8f, 0xff, 0xf0, 0xd, 0xff, 0xf6, 0x0,
    0x0, 0x6, 0xff, 0xfe, 0x0,

    /* U+0069 "i" */
    0xbf, 0xff, 0x9d, 0xff, 0xfb, 0xdf, 0xff, 0xbd,
    0xff, 0xfb, 0x47, 0x77, 0x30, 0x0, 0x0, 0x0,
    0x0, 0xb, 0xff, 0xf9, 0xdf, 0xff, 0xbd, 0xff,
    0xfb, 0xdf, 0xff, 0xbd, 0xff, 0xfb, 0xdf, 0xff,
    0xbd, 0xff, 0xfb, 0xdf, 0xff, 0xbd, 0xff, 0xfb,
    0xdf, 0xff, 0xbd, 0xff, 0xfb, 0xdf, 0xff, 0xbd,
    0xff, 0xfb, 0xdf, 0xff, 0xbd, 0xff, 0xfb, 0xdf,
    0xff, 0xbd, 0xff, 0xfb, 0xbf, 0xff, 0xa0,

    /* U+006A "j" */
    0x0, 0x0, 0xb, 0xff, 0xf9, 0x0, 0x0, 0xd,
    0xff, 0xfb, 0x0, 0x0, 0xd, 0xff, 0xfb, 0x0,
    0x0, 0xd, 0xff, 0xfb, 0x0, 0x0, 0x4, 0x77,
    0x73, 0x0, 0x0, 0x0, 0x0, 0x0, 0x0, 0x0,
    0x0, 0x0, 0x0, 0x0, 0x0, 0xb, 0xff, 0xf9,
    0x0, 0x0, 0xd, 0xff, 0xfb, 0x0, 0x0, 0xd,
    0xff, 0xfb, 0x0, 0x0, 0xd, 0xff, 0xfb, 0x0,
    0x0, 0xd, 0xff, 0xfb, 0x0, 0x0, 0xd, 0xff,
    0xfb, 0x0, 0x0, 0xd, 0xff, 0xfb, 0x0, 0x0,
    0xd, 0xff, 0xfb, 0x0, 0x0, 0xd, 0xff, 0xfb,
    0x0, 0x0, 0xd, 0xff, 0xfb, 0x0, 0x0, 0xd,
    0xff, 0xfb, 0x0, 0x0, 0xd, 0xff, 0xfb, 0x0,
    0x0, 0xd, 0xff, 0xfb, 0x0, 0x0, 0xd, 0xff,
    0xfb, 0x0, 0x0, 0xd, 0xff, 0xfb, 0x0, 0x0,
    0xd, 0xff, 0xfb, 0x0, 0x0, 0xd, 0xff, 0xfb,
    0x0, 0x0, 0xd, 0xff, 0xfb, 0x0, 0x0, 0xf,
    0xff, 0xfb, 0x0, 0x1, 0x9f, 0xff, 0xf9, 0x4f,
    0xff, 0xff, 0xff, 0xf5, 0x6f, 0xff, 0xff, 0xff,
    0xc0, 0x6f, 0xff, 0xff, 0xfd, 0x10, 0x3d, 0xee,
    0xdb, 0x60, 0x0,

    /* U+006B "k" */
    0xd, 0xff, 0xf6, 0x0, 0x0, 0x0, 0x0, 0x0,
    0xf, 0xff, 0xf8, 0x0, 0x0, 0x0, 0x0, 0x0,
    0xf, 0xff, 0xf8, 0x0, 0x0, 0x0, 0x0, 0x0,
    0xf, 0xff, 0xf8, 0x0, 0x0, 0x0, 0x0, 0x0,
    0xf, 0xff, 0xf8, 0x0, 0x0, 0x0, 0x0, 0x0,
    0xf, 0xff, 0xf8, 0x0, 0x0, 0x0, 0x0, 0x0,
    0xf, 0xff, 0xf8, 0x0, 0x0, 0x0, 0x0, 0x0,
    0xf, 0xff, 0xf8, 0x0, 0x0, 0x8f, 0xff, 0xf7,
    0xf, 0xff, 0xf8, 0x0, 0x3, 0xff, 0xff, 0xf1,
    0xf, 0xff, 0xf8, 0x0, 0xc, 0xff, 0xff, 0x70,
    0xf, 0xff, 0xf8, 0x0, 0x5f, 0xff, 0xfc, 0x0,
    0xf, 0xff, 0xf8, 0x0, 0xef, 0xff, 0xf3, 0x0,
    0xf, 0xff, 0xf8, 0x7, 0xff, 0xff, 0x90, 0x0,
    0xf, 0xff, 0xf8, 0x1f, 0xff, 0xfe, 0x0, 0x0,
    0xf, 0xff, 0xf8, 0xaf, 0xff, 0xf5, 0x0, 0x0,
    0xf, 0xff, 0xfa, 0xff, 0xff, 0xc0, 0x0, 0x0,
    0xf, 0xff, 0xf9, 0xef, 0xff, 0xf2, 0x0, 0x0,
    0xf, 0xff, 0xf8, 0x6f, 0xff, 0xfb, 0x0, 0x0,
    0xf, 0xff, 0xf8, 0xd, 0xff, 0xff, 0x40, 0x0,
    0xf, 0xff, 0xf8, 0x3, 0xff, 0xff, 0xd0, 0x0,
    0xf, 0xff, 0xf8, 0x0, 0xaf, 0xff, 0xf7, 0x0,
    0xf, 0xff, 0xf8, 0x0, 0x1f, 0xff, 0xff, 0x20,
    0xf, 0xff, 0xf8, 0x0, 0x8, 0xff, 0xff, 0xb0,
    0xf, 0xff, 0xf8, 0x0, 0x0, 0xef, 0xff, 0xf4,
    0xd, 0xff, 0xf6, 0x0, 0x0, 0x4f, 0xff, 0xfa,

    /* U+006C "l" */
    0xbf, 0xff, 0x9d, 0xff, 0xfb, 0xdf, 0xff, 0xbd,
    0xff, 0xfb, 0xdf, 0xff, 0xbd, 0xff, 0xfb, 0xdf,
    0xff, 0xbd, 0xff, 0xfb, 0xdf, 0xff, 0xbd, 0xff,
    0xfb, 0xdf, 0xff, 0xbd, 0xff, 0xfb, 0xdf, 0xff,
    0xbd, 0xff, 0xfb, 0xdf, 0xff, 0xbd, 0xff, 0xfb,
    0xdf, 0xff, 0xbd, 0xff, 0xfb, 0xdf, 0xff, 0xbd,
    0xff, 0xfb, 0xdf, 0xff, 0xbd, 0xff, 0xfb, 0xdf,
    0xff, 0xbd, 0xff, 0xfb, 0xbf, 0xff, 0x90,

    /* U+006D "m" */
    0xd, 0xff, 0xf6, 0x19, 0xef, 0xfe, 0xa3, 0x0,
    0x4b, 0xef, 0xfe, 0xa3, 0x0, 0xf, 0xff, 0xfa,
    0xef, 0xff, 0xff, 0xff, 0x66, 0xff, 0xff, 0xff,
    0xff, 0x60, 0xf, 0xff, 0xff, 0xff, 0xff, 0xff,
    0xff, 0xff, 0xff, 0xff, 0xff, 0xff, 0xf2, 0xf,
    0xff, 0xff, 0xff, 0xee, 0xff, 0xff, 0xff, 0xff,
    0xee, 0xff, 0xff, 0xf9, 0xf, 0xff, 0xff, 0x50,
    0x0, 0x3f, 0xff, 0xff, 0x90, 0x0, 0x3f, 0xff,
    0xfc, 0xf, 0xff, 0xfb, 0x0, 0x0, 0xc, 0xff,
    0xff, 0x0, 0x0, 0xb, 0xff, 0xfd, 0xf, 0xff,
    0xf9, 0x0, 0x0, 0xb, 0xff, 0xfd, 0x0, 0x0,
    0xb, 0xff, 0xfe, 0xf, 0xff, 0xf8, 0x0, 0x0,
    0xb, 0xff, 0xfd, 0x0, 0x0, 0xb, 0xff, 0xfe,
    0xf, 0xff, 0xf8, 0x0, 0x0, 0xb, 0xff, 0xfd,
    0x0, 0x0, 0xb, 0xff, 0xfe, 0xf, 0xff, 0xf8,
    0x0, 0x0, 0xb, 0xff, 0xfd, 0x0, 0x0, 0xb,
    0xff, 0xfe, 0xf, 0xff, 0xf8, 0x0, 0x0, 0xb,
    0xff, 0xfd, 0x0, 0x0, 0xb, 0xff, 0xfe, 0xf,
    0xff, 0xf8, 0x0, 0x0, 0xb, 0xff, 0xfd, 0x0,
    0x0, 0xb, 0xff, 0xfe, 0xf, 0xff, 0xf8, 0x0,
    0x0, 0xb, 0xff, 0xfd, 0x0, 0x0, 0xb, 0xff,
    0xfe, 0xf, 0xff, 0xf8, 0x0, 0x0, 0xb, 0xff,
    0xfd, 0x0, 0x0, 0xb, 0xff, 0xfe, 0xf, 0xff,
    0xf8, 0x0, 0x0, 0xb, 0xff, 0xfd, 0x0, 0x0,
    0xb, 0xff, 0xfe, 0xf, 0xff, 0xf8, 0x0, 0x0,
    0xb, 0xff, 0xfd, 0x0, 0x0, 0xb, 0xff, 0xfe,
    0xf, 0xff, 0xf8, 0x0, 0x0, 0xb, 0xff, 0xfd,
    0x0, 0x0, 0xb, 0xff, 0xfe, 0xd, 0xff, 0xf6,
    0x0, 0x0, 0x9, 0xff, 0xfb, 0x0, 0x0, 0x8,
    0xff, 0xfc,

    /* U+006E "n" */
    0xd, 0xff, 0xf6, 0x3b, 0xef, 0xfe, 0xb5, 0x0,
    0x0, 0xff, 0xff, 0xaf, 0xff, 0xff, 0xff, 0xf9,
    0x0, 0xf, 0xff, 0xff, 0xff, 0xff, 0xff, 0xff,
    0xf5, 0x0, 0xff, 0xff, 0xff, 0xfe, 0xef, 0xff,
    0xff, 0xb0, 0xf, 0xff, 0xff, 0x50, 0x0, 0x2e,
    0xff, 0xfe, 0x0, 0xff, 0xff, 0xb0, 0x0, 0x0,
    0x9f, 0xff, 0xf0, 0xf, 0xff, 0xf9, 0x0, 0x0,
    0x8, 0xff, 0xff, 0x0, 0xff, 0xff, 0x80, 0x0,
    0x0, 0x8f, 0xff, 0xf0, 0xf, 0xff, 0xf8, 0x0,
    0x0, 0x8, 0xff, 0xff, 0x0, 0xff, 0xff, 0x80,
    0x0, 0x0, 0x8f, 0xff, 0xf0, 0xf, 0xff, 0xf8,
    0x0, 0x0, 0x8, 0xff, 0xff, 0x0, 0xff, 0xff,
    0x80, 0x0, 0x0, 0x8f, 0xff, 0xf0, 0xf, 0xff,
    0xf8, 0x0, 0x0, 0x8, 0xff, 0xff, 0x0, 0xff,
    0xff, 0x80, 0x0, 0x0, 0x8f, 0xff, 0xf0, 0xf,
    0xff, 0xf8, 0x0, 0x0, 0x8, 0xff, 0xff, 0x0,
    0xff, 0xff, 0x80, 0x0, 0x0, 0x8f, 0xff, 0xf0,
    0xf, 0xff, 0xf8, 0x0, 0x0, 0x8, 0xff, 0xff,
    0x0, 0xdf, 0xff, 0x60, 0x0, 0x0, 0x6f, 0xff,
    0xe0,

    /* U+006F "o" */
    0x0, 0x6, 0xbe, 0xff, 0xff, 0xfc, 0x81, 0x0,
    0x0, 0xbf, 0xff, 0xff, 0xff, 0xff, 0xfe, 0x20,
    0x9, 0xff, 0xff, 0xff, 0xff, 0xff, 0xff, 0xd0,
    0xf, 0xff, 0xff, 0xfd, 0xde, 0xff, 0xff, 0xf5,
    0x4f, 0xff, 0xf9, 0x0, 0x0, 0x3f, 0xff, 0xf9,
    0x5f, 0xff, 0xf3, 0x0, 0x0, 0xd, 0xff, 0xfa,
    0x6f, 0xff, 0xf2, 0x0, 0x0, 0xc, 0xff, 0xfb,
    0x6f, 0xff, 0xf2, 0x0, 0x0, 0xc, 0xff, 0xfb,
    0x6f, 0xff, 0xf2, 0x0, 0x0, 0xc, 0xff, 0xfb,
    0x6f, 0xff, 0xf2, 0x0, 0x0, 0xc, 0xff, 0xfb,
    0x6f, 0xff, 0xf2, 0x0, 0x0, 0xc, 0xff, 0xfb,
    0x6f, 0xff, 0xf2, 0x0, 0x0, 0xc, 0xff, 0xfb,
    0x5f, 0xff, 0xf3, 0x0, 0x0, 0xd, 0xff, 0xfa,
    0x4f, 0xff, 0xf9, 0x0, 0x0, 0x3f, 0xff, 0xf9,
    0xf, 0xff, 0xff, 0xed, 0xde, 0xff, 0xff, 0xf5,
    0x9, 0xff, 0xff, 0xff, 0xff, 0xff, 0xff, 0xd0,
    0x0, 0xbf, 0xff, 0xff, 0xff, 0xff, 0xfe, 0x20,
    0x0, 0x6, 0xbe, 0xff, 0xff, 0xfc, 0x81, 0x0,

    /* U+0070 "p" */
    0xd, 0xff, 0xf6, 0x2a, 0xef, 0xff, 0xc7, 0x0,
    0x0, 0xff, 0xff, 0xae, 0xff, 0xff, 0xff, 0xfc,
    0x0, 0xf, 0xff, 0xff, 0xff, 0xff, 0xff, 0xff,
    0xf9, 0x0, 0xff, 0xff, 0xff, 0xfe, 0xef, 0xff,
    0xff, 0xf0, 0xf, 0xff, 0xff, 0x50, 0x0, 0xb,
    0xff, 0xff, 0x30, 0xff, 0xff, 0xb0, 0x0, 0x0,
    0x4f, 0xff, 0xf4, 0xf, 0xff, 0xf9, 0x0, 0x0,
    0x4, 0xff, 0xff, 0x50, 0xff, 0xff, 0x80, 0x0,
    0x0, 0x4f, 0xff, 0xf5, 0xf, 0xff, 0xf8, 0x0,
    0x0, 0x4, 0xff, 0xff, 0x50, 0xff, 0xff, 0x80,
    0x0, 0x0, 0x4f, 0xff, 0xf5, 0xf, 0xff, 0xf8,
    0x0, 0x0, 0x4, 0xff, 0xff, 0x50, 0xff, 0xff,
    0x90, 0x0, 0x0, 0x4f, 0xff, 0xf5, 0xf, 0xff,
    0xfb, 0x0, 0x0, 0x4, 0xff, 0xff, 0x40, 0xff,
    0xff, 0xf5, 0x0, 0x0, 0xbf, 0xff, 0xf3, 0xf,
    0xff, 0xff, 0xff, 0xee, 0xff, 0xff, 0xff, 0x0,
    0xff, 0xff, 0xff, 0xff, 0xff, 0xff, 0xff, 0x90,
    0xf, 0xff, 0xfa, 0xef, 0xff, 0xff, 0xff, 0xc0,
    0x0, 0xff, 0xff, 0x82, 0xae, 0xff, 0xfc, 0x70,
    0x0, 0xf, 0xff, 0xf8, 0x0, 0x0, 0x0, 0x0,
    0x0, 0x0, 0xff, 0xff, 0x80, 0x0, 0x0, 0x0,
    0x0, 0x0, 0xf, 0xff, 0xf8, 0x0, 0x0, 0x0,
    0x0, 0x0, 0x0, 0xff, 0xff, 0x80, 0x0, 0x0,
    0x0, 0x0, 0x0, 0xa, 0xcc, 0xc4, 0x0, 0x0,
    0x0, 0x0, 0x0, 0x0,

    /* U+0071 "q" */
    0x0, 0x6, 0xbe, 0xff, 0xff, 0xff, 0xff, 0xf8,
    0x0, 0xbf, 0xff, 0xff, 0xff, 0xff, 0xff, 0xfa,
    0x9, 0xff, 0xff, 0xff, 0xff, 0xff, 0xff, 0xfa,
    0xf, 0xff, 0xff, 0xfe, 0xee, 0xef, 0xff, 0xfa,
    0x4f, 0xff, 0xfa, 0x0, 0x0, 0xe, 0xff, 0xfa,
    0x5f, 0xff, 0xf3, 0x0, 0x0, 0xe, 0xff, 0xfa,
    0x6f, 0xff, 0xf3, 0x0, 0x0, 0xe, 0xff, 0xfa,
    0x6f, 0xff, 0xf3, 0x0, 0x0, 0xe, 0xff, 0xfa,
    0x6f, 0xff, 0xf3, 0x0, 0x0, 0xe, 0xff, 0xfa,
    0x6f, 0xff, 0xf3, 0x0, 0x0, 0xe, 0xff, 0xfa,
    0x6f, 0xff, 0xf3, 0x0, 0x0, 0xe, 0xff, 0xfa,
    0x6f, 0xff, 0xf3, 0x0, 0x0, 0xe, 0xff, 0xfa,
    0x5f, 0xff, 0xf3, 0x0, 0x0, 0x1f, 0xff, 0xfa,
    0x4f, 0xff, 0xf9, 0x0, 0x0, 0xaf, 0xff, 0xfa,
    0xf, 0xff, 0xff, 0xfe, 0xef, 0xff, 0xff, 0xfa,
    0x9, 0xff, 0xff, 0xff, 0xff, 0xff, 0xff, 0xfa,
    0x0, 0xbf, 0xff, 0xff, 0xff, 0xae, 0xff, 0xfa,
    0x0, 0x6, 0xbe, 0xff, 0xd8, 0xe, 0xff, 0xfa,
    0x0, 0x0, 0x0, 0x0, 0x0, 0xe, 0xff, 0xfa,
    0x0, 0x0, 0x0, 0x0, 0x0, 0xe, 0xff, 0xfa,
    0x0, 0x0, 0x0, 0x0, 0x0, 0xe, 0xff, 0xfa,
    0x0, 0x0, 0x0, 0x0, 0x0, 0xe, 0xff, 0xfa,
    0x0, 0x0, 0x0, 0x0, 0x0, 0xc, 0xff, 0xf8,

    /* U+0072 "r" */
    0xd, 0xff, 0xf6, 0x2a, 0xef, 0xf2, 0xf, 0xff,
    0xfa, 0xef, 0xff, 0xf3, 0xf, 0xff, 0xff, 0xff,
    0xff, 0xf3, 0xf, 0xff, 0xff, 0xff, 0xee, 0xd2,
    0xf, 0xff, 0xff, 0x50, 0x0, 0x0, 0xf, 0xff,
    0xfb, 0x0, 0x0, 0x0, 0xf, 0xff, 0xf9, 0x0,
    0x0, 0x0, 0xf, 0xff, 0xf8, 0x0, 0x0, 0x0,
    0xf, 0xff, 0xf8, 0x0, 0x0, 0x0, 0xf, 0xff,
    0xf8, 0x0, 0x0, 0x0, 0xf, 0xff, 0xf8, 0x0,
    0x0, 0x0, 0xf, 0xff, 0xf8, 0x0, 0x0, 0x0,
    0xf, 0xff, 0xf8, 0x0, 0x0, 0x0, 0xf, 0xff,
    0xf8, 0x0, 0x0, 0x0, 0xf, 0xff, 0xf8, 0x0,
    0x0, 0x0, 0xf, 0xff, 0xf8, 0x0, 0x0, 0x0,
    0xf, 0xff, 0xf8, 0x0, 0x0, 0x0, 0xd, 0xff,
    0xf6, 0x0, 0x0, 0x0,

    /* U+0073 "s" */
    0x0, 0x6b, 0xef, 0xff, 0xff, 0xff, 0x60, 0xa,
    0xff, 0xff, 0xff, 0xff, 0xff, 0x80, 0x4f, 0xff,
    0xff, 0xff, 0xff, 0xff, 0x80, 0x9f, 0xff, 0xfe,
    0xcb, 0xbb, 0xbb, 0x40, 0xbf, 0xff, 0xf1, 0x0,
    0x0, 0x0, 0x0, 0xaf, 0xff, 0xf6, 0x0, 0x0,
    0x0, 0x0, 0x6f, 0xff, 0xff, 0xa1, 0x0, 0x0,
    0x0, 0xc, 0xff, 0xff, 0xff, 0x70, 0x0, 0x0,
    0x0, 0xbf, 0xff, 0xff, 0xfd, 0x50, 0x0, 0x0,
    0x4, 0xdf, 0xff, 0xff, 0xfa, 0x0, 0x0, 0x0,
    0x6, 0xef, 0xff, 0xff, 0xb0, 0x0, 0x0, 0x0,
    0x8, 0xff, 0xff, 0xf4, 0x0, 0x0, 0x0, 0x0,
    0x5f, 0xff, 0xf7, 0x0, 0x0, 0x0, 0x0, 0x3f,
    0xff, 0xf8, 0x5b, 0xbb, 0xbb, 0xbb, 0xff, 0xff,
    0xf7, 0xaf, 0xff, 0xff, 0xff, 0xff, 0xff, 0xf2,
    0xaf, 0xff, 0xff, 0xff, 0xff, 0xff, 0x70, 0x7f,
    0xff, 0xff, 0xff, 0xfe, 0xa3, 0x0,

    /* U+0074 "t" */
    0x0, 0x1f, 0xff, 0xf3, 0x0, 0x0, 0x0, 0x3f,
    0xff, 0xf5, 0x0, 0x0, 0x0, 0x3f, 0xff, 0xf5,
    0x0, 0x0, 0x0, 0x3f, 0xff, 0xf5, 0x0, 0x0,
    0x0, 0x4f, 0xff, 0xf6, 0x0, 0x0, 0xaf, 0xff,
    0xff, 0xff, 0xff, 0xf3, 0xdf, 0xff, 0xff, 0xff,
    0xff, 0xf5, 0xdf, 0xff, 0xff, 0xff, 0xff, 0xf5,
    0xae, 0xef, 0xff, 0xff, 0xee, 0xd3, 0x0, 0x3f,
    0xff, 0xf5, 0x0, 0x0, 0x0, 0x3f, 0xff, 0xf5,
    0x0, 0x0, 0x0, 0x3f, 0xff, 0xf5, 0x0, 0x0,
    0x0, 0x3f, 0xff, 0xf5, 0x0, 0x0, 0x0, 0x3f,
    0xff, 0xf5, 0x0, 0x0, 0x0, 0x3f, 0xff, 0xf5,
    0x0, 0x0, 0x0, 0x3f, 0xff, 0xf5, 0x0, 0x0,
    0x0, 0x3f, 0xff, 0xf5, 0x0, 0x0, 0x0, 0x3f,
    0xff, 0xf6, 0x0, 0x0, 0x0, 0x2f, 0xff, 0xfc,
    0x10, 0x0, 0x0, 0xe, 0xff, 0xff, 0xfe, 0xd7,
    0x0, 0x7, 0xff, 0xff, 0xff, 0xfb, 0x0, 0x0,
    0x9f, 0xff, 0xff, 0xfb, 0x0, 0x0, 0x4, 0xbe,
    0xff, 0xf9,

    /* U+0075 "u" */
    0x1f, 0xff, 0xf4, 0x0, 0x0, 0x9, 0xff, 0xfb,
    0x3f, 0xff, 0xf6, 0x0, 0x0, 0xb, 0xff, 0xfd,
    0x3f, 0xff, 0xf6, 0x0, 0x0, 0xb, 0xff, 0xfd,
    0x3f, 0xff, 0xf6, 0x0, 0x0, 0xb, 0xff, 0xfd,
    0x3f, 0xff, 0xf6, 0x0, 0x0, 0xb, 0xff, 0xfd,
    0x3f, 0xff, 0xf6, 0x0, 0x0, 0xb, 0xff, 0xfd,
    0x3f, 0xff, 0xf6, 0x0, 0x0, 0xb, 0xff, 0xfd,
    0x3f, 0xff, 0xf6, 0x0, 0x0, 0xb, 0xff, 0xfd,
    0x3f, 0xff, 0xf6, 0x0, 0x0, 0xb, 0xff, 0xfd,
    0x3f, 0xff, 0xf6, 0x0, 0x0, 0xb, 0xff, 0xfd,
    0x3f, 0xff, 0xf6, 0x0, 0x0, 0xb, 0xff, 0xfd,
    0x3f, 0xff, 0xf6, 0x0, 0x0, 0xb, 0xff, 0xfd,
    0x2f, 0xff, 0xf6, 0x0, 0x0, 0xe, 0xff, 0xfd,
    0x1f, 0xff, 0xfc, 0x10, 0x0, 0x8f, 0xff, 0xfd,
    0xe, 0xff, 0xff, 0xfe, 0xef, 0xff, 0xff, 0xfd,
    0x7, 0xff, 0xff, 0xff, 0xff, 0xff, 0xff, 0xfd,
    0x0, 0xbf, 0xff, 0xff, 0xff, 0xdc, 0xff, 0xfd,
    0x0, 0x6, 0xce, 0xff, 0xe9, 0x19, 0xff, 0xfb,

    /* U+0076 "v" */
    0x4f, 0xff, 0xe1, 0x0, 0x0, 0x4, 0xff, 0xff,
    0x22, 0xff, 0xff, 0x60, 0x0, 0x0, 0x9f, 0xff,
    0xf0, 0xe, 0xff, 0xfa, 0x0, 0x0, 0xc, 0xff,
    0xfb, 0x0, 0x9f, 0xff, 0xd0, 0x0, 0x0, 0xff,
    0xff, 0x70, 0x5, 0xff, 0xff, 0x10, 0x0, 0x4f,
    0xff, 0xf2, 0x0, 0x1f, 0xff, 0xf5, 0x0, 0x7,
    0xff, 0xfe, 0x0, 0x0, 0xcf, 0xff, 0x80, 0x0,
    0xbf, 0xff, 0x90, 0x0, 0x8, 0xff, 0xfc, 0x0,
    0xf, 0xff, 0xf5, 0x0, 0x0, 0x3f, 0xff, 0xf0,
    0x2, 0xff, 0xff, 0x10, 0x0, 0x0, 0xff, 0xff,
    0x40, 0x6f, 0xff, 0xc0, 0x0, 0x0, 0xb, 0xff,
    0xf7, 0xa, 0xff, 0xf8, 0x0, 0x0, 0x0, 0x6f,
    0xff, 0xb0, 0xdf, 0xff, 0x30, 0x0, 0x0, 0x2,
    0xff, 0xff, 0x1f, 0xff, 0xf0, 0x0, 0x0, 0x0,
    0xd, 0xff, 0xf8, 0xff, 0xfa, 0x0, 0x0, 0x0,
    0x0, 0x9f, 0xff, 0xff, 0xff, 0x60, 0x0, 0x0,
    0x0, 0x5, 0xff, 0xff, 0xff, 0xf2, 0x0, 0x0,
    0x0, 0x0, 0x1f, 0xff, 0xff, 0xfd, 0x0, 0x0,
    0x0, 0x0, 0x0, 0xaf, 0xff, 0xff, 0x70, 0x0,
    0x0,

    /* U+0077 "w" */
    0x2f, 0xff, 0xf7, 0x0, 0x0, 0xcf, 0xff, 0xc0,
    0x0, 0x6, 0xff, 0xff, 0x31, 0xff, 0xff, 0xb0,
    0x0, 0x1f, 0xff, 0xff, 0x10, 0x0, 0xbf, 0xff,
    0xf1, 0xd, 0xff, 0xfd, 0x0, 0x4, 0xff, 0xff,
    0xf5, 0x0, 0xd, 0xff, 0xfe, 0x0, 0xaf, 0xff,
    0xf0, 0x0, 0x8f, 0xff, 0xff, 0x80, 0x0, 0xff,
    0xff, 0xa0, 0x6, 0xff, 0xff, 0x10, 0xb, 0xff,
    0xff, 0xfb, 0x0, 0x1f, 0xff, 0xf7, 0x0, 0x3f,
    0xff, 0xf3, 0x0, 0xef, 0xfb, 0xff, 0xf0, 0x3,
    0xff, 0xff, 0x30, 0x0, 0xff, 0xff, 0x60, 0x2f,
    0xff, 0x4f, 0xff, 0x20, 0x6f, 0xff, 0xf0, 0x0,
    0xc, 0xff, 0xf8, 0x5, 0xff, 0xf0, 0xff, 0xf5,
    0x8, 0xff, 0xfc, 0x0, 0x0, 0x8f, 0xff, 0xa0,
    0x9f, 0xfc, 0xc, 0xff, 0x90, 0xaf, 0xff, 0x90,
    0x0, 0x5, 0xff, 0xfc, 0xc, 0xff, 0x90, 0x9f,
    0xfc, 0xc, 0xff, 0xf5, 0x0, 0x0, 0x1f, 0xff,
    0xe0, 0xff, 0xf6, 0x6, 0xff, 0xf0, 0xef, 0xff,
    0x20, 0x0, 0x0, 0xef, 0xff, 0x4f, 0xff, 0x30,
    0x3f, 0xff, 0x4f, 0xff, 0xe0, 0x0, 0x0, 0xa,
    0xff, 0xfa, 0xff, 0xf0, 0x0, 0xff, 0xfa, 0xff,
    0xfb, 0x0, 0x0, 0x0, 0x7f, 0xff, 0xff, 0xfd,
    0x0, 0xd, 0xff, 0xff, 0xff, 0x70, 0x0, 0x0,
    0x3, 0xff, 0xff, 0xff, 0xa0, 0x0, 0xaf, 0xff,
    0xff, 0xf4, 0x0, 0x0, 0x0, 0xf, 0xff, 0xff,
    0xf8, 0x0, 0x7, 0xff, 0xff, 0xff, 0x0, 0x0,
    0x0, 0x0, 0xcf, 0xff, 0xff, 0x50, 0x0, 0x5f,
    0xff, 0xff, 0xd0, 0x0, 0x0, 0x0, 0x7, 0xff,
    0xff, 0xe1, 0x0, 0x1, 0xef, 0xff, 0xf7, 0x0,
    0x0,

    /* U+0078 "x" */
    0x3f, 0xff, 0xfc, 0x0, 0x0, 0x6f, 0xff, 0xf9,
    0x0, 0xcf, 0xff, 0xf5, 0x0, 0xd, 0xff, 0xff,
    0x30, 0x3, 0xff, 0xff, 0xc0, 0x3, 0xff, 0xff,
    0xa0, 0x0, 0xa, 0xff, 0xff, 0x20, 0x9f, 0xff,
    0xf2, 0x0, 0x0, 0x2f, 0xff, 0xf9, 0xf, 0xff,
    0xf9, 0x0, 0x0, 0x0, 0x8f, 0xff, 0xf6, 0xff,
    0xff, 0x10, 0x0, 0x0, 0x0, 0xef, 0xff, 0xff,
    0xff, 0x80, 0x0, 0x0, 0x0, 0x6, 0xff, 0xff,
    0xff, 0xe0, 0x0, 0x0, 0x0, 0x0, 0xd, 0xff,
    0xff, 0xf7, 0x0, 0x0, 0x0, 0x0, 0x1, 0xff,
    0xff, 0xff, 0xa0, 0x0, 0x0, 0x0, 0x0, 0x9f,
    0xff, 0xff, 0xff, 0x30, 0x0, 0x0, 0x0, 0x2f,
    0xff, 0xff, 0xff, 0xfb, 0x0, 0x0, 0x0, 0xa,
    0xff, 0xff, 0x5f, 0xff, 0xf4, 0x0, 0x0, 0x3,
    0xff, 0xff, 0x90, 0xef, 0xff, 0xd0, 0x0, 0x0,
    0xbf, 0xff, 0xf2, 0x7, 0xff, 0xff, 0x60, 0x0,
    0x4f, 0xff, 0xfc, 0x0, 0x1f, 0xff, 0xfe, 0x0,
    0xc, 0xff, 0xff, 0x50, 0x0, 0xaf, 0xff, 0xf7,
    0x3, 0xff, 0xff, 0xc0, 0x0, 0x2, 0xef, 0xff,
    0xe0,

    /* U+0079 "y" */
    0x3f, 0xff, 0xf3, 0x0, 0x0, 0x3, 0xff, 0xff,
    0x41, 0xff, 0xff, 0x80, 0x0, 0x0, 0x8f, 0xff,
    0xf2, 0xc, 0xff, 0xfc, 0x0, 0x0, 0xc, 0xff,
    0xfd, 0x0, 0x8f, 0xff, 0xf0, 0x0, 0x0, 0xff,
    0xff, 0x90, 0x4, 0xff, 0xff, 0x30, 0x0, 0x3f,
    0xff, 0xf5, 0x0, 0xf, 0xff, 0xf7, 0x0, 0x7,
    0xff, 0xff, 0x10, 0x0, 0xbf, 0xff, 0xb0, 0x0,
    0xbf, 0xff, 0xd0, 0x0, 0x7, 0xff, 0xff, 0x0,
    0xe, 0xff, 0xf9, 0x0, 0x0, 0x2f, 0xff, 0xf3,
    0x2, 0xff, 0xff, 0x50, 0x0, 0x0, 0xef, 0xff,
    0x60, 0x6f, 0xff, 0xf1, 0x0, 0x0, 0xa, 0xff,
    0xfa, 0x9, 0xff, 0xfd, 0x0, 0x0, 0x0, 0x5f,
    0xff, 0xe0, 0xdf, 0xff, 0x90, 0x0, 0x0, 0x1,
    0xff, 0xff, 0x3f, 0xff, 0xf5, 0x0, 0x0, 0x0,
    0xd, 0xff, 0xfb, 0xff, 0xff, 0x10, 0x0, 0x0,
    0x0, 0x9f, 0xff, 0xff, 0xff, 0xd0, 0x0, 0x0,
    0x0, 0x4, 0xff, 0xff, 0xff, 0xf9, 0x0, 0x0,
    0x0, 0x0, 0xe, 0xff, 0xff, 0xff, 0x40, 0x0,
    0x0, 0x0, 0x0, 0x1, 0x7f, 0xff, 0xf1, 0x0,
    0x0, 0x0, 0x0, 0x0, 0xc, 0xff, 0xfc, 0x0,
    0x0, 0x0, 0x0, 0x0, 0x29, 0xff, 0xff, 0x60,
    0x0, 0x0, 0x0, 0xde, 0xff, 0xff, 0xff, 0xe0,
    0x0, 0x0, 0x0, 0x1f, 0xff, 0xff, 0xff, 0xf5,
    0x0, 0x0, 0x0, 0x1, 0xff, 0xff, 0xff, 0xf6,
    0x0, 0x0, 0x0, 0x0, 0xe, 0xff, 0xfd, 0x92,
    0x0, 0x0, 0x0, 0x0,

    /* U+007A "z" */
    0x6f, 0xff, 0xff, 0xff, 0xff, 0xff, 0xf8, 0x9,
    0xff, 0xff, 0xff, 0xff, 0xff, 0xff, 0xb0, 0x9f,
    0xff, 0xff, 0xff, 0xff, 0xff, 0xfa, 0x5, 0xee,
    0xee, 0xee, 0xef, 0xff, 0xff, 0x90, 0x0, 0x0,
    0x0, 0x1, 0xef, 0xff, 0xf3, 0x0, 0x0, 0x0,
    0x0, 0xbf, 0xff, 0xf8, 0x0, 0x0, 0x0, 0x0,
    0x8f, 0xff, 0xfb, 0x0, 0x0, 0x0, 0x0, 0x4f,
    0xff, 0xfe, 0x10, 0x0, 0x0, 0x0, 0x1e, 0xff,
    0xff, 0x40, 0x0, 0x0, 0x0, 0xc, 0xff, 0xff,
    0x80, 0x0, 0x0, 0x0, 0x8, 0xff, 0xff, 0xb0,
    0x0, 0x0, 0x0, 0x4, 0xff, 0xff, 0xe1, 0x0,
    0x0, 0x0, 0x1, 0xef, 0xff, 0xf4, 0x0, 0x0,
    0x0, 0x0, 0xcf, 0xff, 0xf7, 0x0, 0x0, 0x0,
    0x0, 0x7f, 0xff, 0xff, 0xee, 0xee, 0xee, 0xed,
    0xc, 0xff, 0xff, 0xff, 0xff, 0xff, 0xff, 0xf1,
    0xef, 0xff, 0xff, 0xff, 0xff, 0xff, 0xff, 0x1c,
    0xff, 0xff, 0xff, 0xff, 0xff, 0xff, 0xe0,

    /* U+007B "{" */
    0x0, 0x0, 0x5, 0xbe, 0xf5, 0x0, 0x0, 0x9f,
    0xff, 0xf7, 0x0, 0x4, 0xff, 0xff, 0xf6, 0x0,
    0xa, 0xff, 0xf6, 0x20, 0x0, 0xd, 0xff, 0xc0,
    0x0, 0x0, 0xe, 0xff, 0xb0, 0x0, 0x0, 0xe,
    0xff, 0xb0, 0x0, 0x0, 0xe, 0xff, 0xb0, 0x0,
    0x0, 0xe, 0xff, 0xb0, 0x0, 0x0, 0xf, 0xff,
    0xb0, 0x0, 0x0, 0x4f, 0xff, 0x90, 0x0, 0x1d,
    0xff, 0xff, 0x50, 0x0, 0x2f, 0xff, 0xf8, 0x0,
    0x0, 0x2f, 0xff, 0xe6, 0x0, 0x0, 0x1f, 0xff,
    0xff, 0x40, 0x0, 0x0, 0x6f, 0xff, 0x90, 0x0,
    0x0, 0xf, 0xff, 0xb0, 0x0, 0x0, 0xe, 0xff,
    0xb0, 0x0, 0x0, 0xe, 0xff, 0xb0, 0x0, 0x0,
    0xe, 0xff, 0xb0, 0x0, 0x0, 0xe, 0xff, 0xb0,
    0x0, 0x0, 0xd, 0xff, 0xc0, 0x0, 0x0, 0xa,
    0xff, 0xf4, 0x0, 0x0, 0x5, 0xff, 0xff, 0xf5,
    0x0, 0x0, 0xbf, 0xff, 0xf7, 0x0, 0x0, 0x7,
    0xef, 0xf6, 0x0, 0x0, 0x0, 0x1, 0x10,

    /* U+007C "|" */
    0x4f, 0xf9, 0x6f, 0xfb, 0x6f, 0xfb, 0x6f, 0xfb,
    0x6f, 0xfb, 0x6f, 0xfb, 0x6f, 0xfb, 0x6f, 0xfb,
    0x6f, 0xfb, 0x6f, 0xfb, 0x6f, 0xfb, 0x6f, 0xfb,
    0x6f, 0xfb, 0x6f, 0xfb, 0x6f, 0xfb, 0x6f, 0xfb,
    0x6f, 0xfb, 0x6f, 0xfb, 0x6f, 0xfb, 0x6f, 0xfb,
    0x6f, 0xfb, 0x6f, 0xfb, 0x4f, 0xf9,

    /* U+007D "}" */
    0x1f, 0xfc, 0x70, 0x0, 0x0, 0x2f, 0xff, 0xfd,
    0x10, 0x0, 0x1f, 0xff, 0xff, 0x90, 0x0, 0x1,
    0x4e, 0xff, 0xf0, 0x0, 0x0, 0x7, 0xff, 0xf2,
    0x0, 0x0, 0x6, 0xff, 0xf3, 0x0, 0x0, 0x6,
    0xff, 0xf3, 0x0, 0x0, 0x6, 0xff, 0xf3, 0x0,
    0x0, 0x6, 0xff, 0xf3, 0x0, 0x0, 0x6, 0xff,
    0xf4, 0x0, 0x0, 0x4, 0xff, 0xf9, 0x0, 0x0,
    0x0, 0xff, 0xff, 0xe4, 0x0, 0x0, 0x4e, 0xff,
    0xf7, 0x0, 0x0, 0x3c, 0xff, 0xf7, 0x0, 0x0,
    0xef, 0xff, 0xf5, 0x0, 0x4, 0xff, 0xfa, 0x0,
    0x0, 0x6, 0xff, 0xf4, 0x0, 0x0, 0x6, 0xff,
    0xf3, 0x0, 0x0, 0x6, 0xff, 0xf3, 0x0, 0x0,
    0x6, 0xff, 0xf3, 0x0, 0x0, 0x6, 0xff, 0xf3,
    0x0, 0x0, 0x7, 0xff, 0xf2, 0x0, 0x0, 0x2d,
    0xff, 0xf0, 0x0, 0x1f, 0xff, 0xff, 0xa0, 0x0,
    0x2f, 0xff, 0xfe, 0x10, 0x0, 0x1f, 0xff, 0xa1,
    0x0, 0x0, 0x1, 0x10, 0x0, 0x0, 0x0,

    /* U+007E "~" */
    0x0, 0x24, 0x53, 0x10, 0x0, 0x0, 0x0, 0x13,
    0x1c, 0xff, 0xff, 0xfe, 0xb8, 0x54, 0x5a, 0xfc,
    0x7f, 0xff, 0xff, 0xff, 0xff, 0xff, 0xff, 0xfd,
    0x7f, 0xff, 0xff, 0xff, 0xff, 0xff, 0xff, 0xfb,
    0x6d, 0x62, 0x1, 0x36, 0x9c, 0xef, 0xfd, 0x81
};


/*---------------------
 *  GLYPH DESCRIPTION
 *--------------------*/

static const lv_font_fmt_txt_glyph_dsc_t glyph_dsc[] = {
    {.bitmap_index = 0, .adv_w = 0, .box_w = 0, .box_h = 0, .ofs_x = 0, .ofs_y = 0} /* id = 0 reserved */,
    {.bitmap_index = 0, .adv_w = 127, .box_w = 0, .box_h = 0, .ofs_x = 0, .ofs_y = 0},
    {.bitmap_index = 0, .adv_w = 137, .box_w = 6, .box_h = 23, .ofs_x = 1, .ofs_y = 0},
    {.bitmap_index = 69, .adv_w = 203, .box_w = 11, .box_h = 9, .ofs_x = 1, .ofs_y = 14},
    {.bitmap_index = 119, .adv_w = 385, .box_w = 22, .box_h = 23, .ofs_x = 1, .ofs_y = 0},
    {.bitmap_index = 372, .adv_w = 304, .box_w = 17, .box_h = 31, .ofs_x = 1, .ofs_y = -4},
    {.bitmap_index = 636, .adv_w = 427, .box_w = 24, .box_h = 23, .ofs_x = 1, .ofs_y = 0},
    {.bitmap_index = 912, .adv_w = 356, .box_w = 20, .box_h = 23, .ofs_x = 1, .ofs_y = 0},
    {.bitmap_index = 1142, .adv_w = 108, .box_w = 5, .box_h = 6, .ofs_x = 1, .ofs_y = 16},
    {.bitmap_index = 1157, .adv_w = 176, .box_w = 9, .box_h = 27, .ofs_x = 1, .ofs_y = -4},
    {.bitmap_index = 1279, .adv_w = 176, .box_w = 9, .box_h = 27, .ofs_x = 1, .ofs_y = -4},
    {.bitmap_index = 1401, .adv_w = 229, .box_w = 13, .box_h = 12, .ofs_x = 1, .ofs_y = 11},
    {.bitmap_index = 1479, .adv_w = 325, .box_w = 16, .box_h = 16, .ofs_x = 2, .ofs_y = 4},
    {.bitmap_index = 1607, .adv_w = 118, .box_w = 5, .box_h = 10, .ofs_x = 1, .ofs_y = -4},
    {.bitmap_index = 1632, .adv_w = 180, .box_w = 9, .box_h = 4, .ofs_x = 1, .ofs_y = 9},
    {.bitmap_index = 1650, .adv_w = 118, .box_w = 5, .box_h = 6, .ofs_x = 1, .ofs_y = 0},
    {.bitmap_index = 1665, .adv_w = 236, .box_w = 14, .box_h = 23, .ofs_x = 0, .ofs_y = 0},
    {.bitmap_index = 1826, .adv_w = 309, .box_w = 17, .box_h = 23, .ofs_x = 1, .ofs_y = 0},
    {.bitmap_index = 2022, .adv_w = 192, .box_w = 10, .box_h = 23, .ofs_x = 0, .ofs_y = 0},
    {.bitmap_index = 2137, .adv_w = 284, .box_w = 16, .box_h = 23, .ofs_x = 1, .ofs_y = 0},
    {.bitmap_index = 2321, .adv_w = 293, .box_w = 16, .box_h = 23, .ofs_x = 1, .ofs_y = 0},
    {.bitmap_index = 2505, .adv_w = 312, .box_w = 19, .box_h = 23, .ofs_x = 1, .ofs_y = 0},
    {.bitmap_index = 2724, .adv_w = 291, .box_w = 16, .box_h = 23, .ofs_x = 1, .ofs_y = 0},
    {.bitmap_index = 2908, .adv_w = 302, .box_w = 17, .box_h = 23, .ofs_x = 1, .ofs_y = 0},
    {.bitmap_index = 3104, .adv_w = 248, .box_w = 15, .box_h = 23, .ofs_x = 0, .ofs_y = 0},
    {.bitmap_index = 3277, .adv_w = 312, .box_w = 17, .box_h = 23, .ofs_x = 1, .ofs_y = 0},
    {.bitmap_index = 3473, .adv_w = 302, .box_w = 16, .box_h = 23, .ofs_x = 1, .ofs_y = 0},
    {.bitmap_index = 3657, .adv_w = 118, .box_w = 5, .box_h = 18, .ofs_x = 1, .ofs_y = 0},
    {.bitmap_index = 3702, .adv_w = 118, .box_w = 5, .box_h = 22, .ofs_x = 1, .ofs_y = -4},
    {.bitmap_index = 3757, .adv_w = 324, .box_w = 16, .box_h = 15, .ofs_x = 2, .ofs_y = 4},
    {.bitmap_index = 3877, .adv_w = 327, .box_w = 16, .box_h = 11, .ofs_x = 2, .ofs_y = 6},
    {.bitmap_index = 3965, .adv_w = 327, .box_w = 16, .box_h = 15, .ofs_x = 2, .ofs_y = 4},
    {.bitmap_index = 4085, .adv_w = 268, .box_w = 15, .box_h = 23, .ofs_x = 1, .ofs_y = 0},
    {.bitmap_index = 4258, .adv_w = 430, .box_w = 24, .box_h = 24, .ofs_x = 2, .ofs_y = -2},
    {.bitmap_index = 4546, .adv_w = 321, .box_w = 20, .box_h = 23, .ofs_x = 0, .ofs_y = 0},
    {.bitmap_index = 4776, .adv_w = 320, .box_w = 16, .box_h = 23, .ofs_x = 2, .ofs_y = 0},
    {.bitmap_index = 4960, .adv_w = 310, .box_w = 17, .box_h = 23, .ofs_x = 1, .ofs_y = 0},
    {.bitmap_index = 5156, .adv_w = 319, .box_w = 16, .box_h = 23, .ofs_x = 2, .ofs_y = 0},
    {.bitmap_index = 5340, .adv_w = 276, .box_w = 14, .box_h = 23, .ofs_x = 2, .ofs_y = 0},
    {.bitmap_index = 5501, .adv_w = 259, .box_w = 14, .box_h = 23, .ofs_x = 2, .ofs_y = 0},
    {.bitmap_index = 5662, .adv_w = 314, .box_w = 17, .box_h = 23, .ofs_x = 1, .ofs_y = 0},
    {.bitmap_index = 5858, .adv_w = 332, .box_w = 17, .box_h = 23, .ofs_x = 2, .ofs_y = 0},
    {.bitmap_index = 6054, .adv_w = 154, .box_w = 6, .box_h = 23, .ofs_x = 2, .ofs_y = 0},
    {.bitmap_index = 6123, .adv_w = 300, .box_w = 16, .box_h = 23, .ofs_x = 1, .ofs_y = 0},
    {.bitmap_index = 6307, .adv_w = 321, .box_w = 18, .box_h = 23, .ofs_x = 2, .ofs_y = 0},
    {.bitmap_index = 6514, .adv_w = 259, .box_w = 14, .box_h = 23, .ofs_x = 2, .ofs_y = 0},
    {.bitmap_index = 6675, .adv_w = 418, .box_w = 22, .box_h = 23, .ofs_x = 2, .ofs_y = 0},
    {.bitmap_index = 6928, .adv_w = 337, .box_w = 17, .box_h = 23, .ofs_x = 2, .ofs_y = 0},
    {.bitmap_index = 7124, .adv_w = 318, .box_w = 17, .box_h = 23, .ofs_x = 1, .ofs_y = 0},
    {.bitmap_index = 7320, .adv_w = 305, .box_w = 16, .box_h = 23, .ofs_x = 2, .ofs_y = 0},
    {.bitmap_index = 7504, .adv_w = 328, .box_w = 17, .box_h = 28, .ofs_x = 2, .ofs_y = -5},
    {.bitmap_index = 7742, .adv_w = 315, .box_w = 17, .box_h = 23, .ofs_x = 2, .ofs_y = 0},
    {.bitmap_index = 7938, .adv_w = 310, .box_w = 17, .box_h = 23, .ofs_x = 1, .ofs_y = 0},
    {.bitmap_index = 8134, .adv_w = 255, .box_w = 16, .box_h = 23, .ofs_x = 0, .ofs_y = 0},
    {.bitmap_index = 8318, .adv_w = 323, .box_w = 16, .box_h = 23, .ofs_x = 2, .ofs_y = 0},
    {.bitmap_index = 8502, .adv_w = 300, .box_w = 19, .box_h = 23, .ofs_x = 0, .ofs_y = 0},
    {.bitmap_index = 8721, .adv_w = 465, .box_w = 29, .box_h = 23, .ofs_x = 0, .ofs_y = 0},
    {.bitmap_index = 9055, .adv_w = 311, .box_w = 19, .box_h = 23, .ofs_x = 0, .ofs_y = 0},
    {.bitmap_index = 9274, .adv_w = 298, .box_w = 19, .box_h = 23, .ofs_x = 0, .ofs_y = 0},
    {.bitmap_index = 9493, .adv_w = 300, .box_w = 16, .box_h = 23, .ofs_x = 1, .ofs_y = 0},
    {.bitmap_index = 9677, .adv_w = 186, .box_w = 8, .box_h = 26, .ofs_x = 2, .ofs_y = -3},
    {.bitmap_index = 9781, .adv_w = 236, .box_w = 14, .box_h = 23, .ofs_x = 0, .ofs_y = 0},
    {.bitmap_index = 9942, .adv_w = 186, .box_w = 7, .box_h = 26, .ofs_x = 2, .ofs_y = -3},
    {.bitmap_index = 10033, .adv_w = 294, .box_w = 17, .box_h = 10, .ofs_x = 1, .ofs_y = 13},
    {.bitmap_index = 10118, .adv_w = 214, .box_w = 14, .box_h = 3, .ofs_x = 0, .ofs_y = -4},
    {.bitmap_index = 10139, .adv_w = 172, .box_w = 9, .box_h = 5, .ofs_x = 1, .ofs_y = 20},
    {.bitmap_index = 10162, .adv_w = 298, .box_w = 16, .box_h = 18, .ofs_x = 1, .ofs_y = 0},
    {.bitmap_index = 10306, .adv_w = 303, .box_w = 17, .box_h = 25, .ofs_x = 1, .ofs_y = 0},
    {.bitmap_index = 10519, .adv_w = 237, .box_w = 13, .box_h = 18, .ofs_x = 1, .ofs_y = 0},
    {.bitmap_index = 10636, .adv_w = 303, .box_w = 16, .box_h = 25, .ofs_x = 1, .ofs_y = 0},
    {.bitmap_index = 10836, .adv_w = 285, .box_w = 16, .box_h = 18, .ofs_x = 1, .ofs_y = 0},
    {.bitmap_index = 10980, .adv_w = 204, .box_w = 13, .box_h = 25, .ofs_x = 0, .ofs_y = 0},
    {.bitmap_index = 11143, .adv_w = 299, .box_w = 16, .box_h = 24, .ofs_x = 1, .ofs_y = -6},
    {.bitmap_index = 11335, .adv_w = 301, .box_w = 17, .box_h = 25, .ofs_x = 1, .ofs_y = 0},
    {.bitmap_index = 11548, .adv_w = 142, .box_w = 5, .box_h = 25, .ofs_x = 2, .ofs_y = 0},
    {.bitmap_index = 11611, .adv_w = 142, .box_w = 10, .box_h = 31, .ofs_x = -3, .ofs_y = -6},
    {.bitmap_index = 11766, .adv_w = 272, .box_w = 16, .box_h = 25, .ofs_x = 1, .ofs_y = 0},
    {.bitmap_index = 11966, .adv_w = 142, .box_w = 5, .box_h = 25, .ofs_x = 2, .ofs_y = 0},
    {.bitmap_index = 12029, .adv_w = 460, .box_w = 26, .box_h = 18, .ofs_x = 1, .ofs_y = 0},
    {.bitmap_index = 12263, .adv_w = 301, .box_w = 17, .box_h = 18, .ofs_x = 1, .ofs_y = 0},
    {.bitmap_index = 12416, .adv_w = 293, .box_w = 16, .box_h = 18, .ofs_x = 1, .ofs_y = 0},
    {.bitmap_index = 12560, .adv_w = 303, .box_w = 17, .box_h = 23, .ofs_x = 1, .ofs_y = -5},
    {.bitmap_index = 12756, .adv_w = 298, .box_w = 16, .box_h = 23, .ofs_x = 1, .ofs_y = -5},
    {.bitmap_index = 12940, .adv_w = 201, .box_w = 12, .box_h = 18, .ofs_x = 1, .ofs_y = 0},
    {.bitmap_index = 13048, .adv_w = 252, .box_w = 14, .box_h = 18, .ofs_x = 1, .ofs_y = 0},
    {.bitmap_index = 13174, .adv_w = 203, .box_w = 12, .box_h = 23, .ofs_x = 0, .ofs_y = 0},
    {.bitmap_index = 13312, .adv_w = 301, .box_w = 16, .box_h = 18, .ofs_x = 1, .ofs_y = 0},
    {.bitmap_index = 13456, .adv_w = 270, .box_w = 17, .box_h = 18, .ofs_x = 0, .ofs_y = 0},
    {.bitmap_index = 13609, .adv_w = 401, .box_w = 25, .box_h = 18, .ofs_x = 0, .ofs_y = 0},
    {.bitmap_index = 13834, .adv_w = 266, .box_w = 17, .box_h = 18, .ofs_x = 0, .ofs_y = 0},
    {.bitmap_index = 13987, .adv_w = 271, .box_w = 17, .box_h = 24, .ofs_x = 0, .ofs_y = -6},
    {.bitmap_index = 14191, .adv_w = 259, .box_w = 15, .box_h = 18, .ofs_x = 1, .ofs_y = 0},
    {.bitmap_index = 14326, .adv_w = 181, .box_w = 10, .box_h = 27, .ofs_x = 0, .ofs_y = -4},
    {.bitmap_index = 14461, .adv_w = 133, .box_w = 4, .box_h = 23, .ofs_x = 2, .ofs_y = 0},
    {.bitmap_index = 14507, .adv_w = 181, .box_w = 10, .box_h = 27, .ofs_x = 0, .ofs_y = -4},
    {.bitmap_index = 14642, .adv_w = 325, .box_w = 16, .box_h = 5, .ofs_x = 2, .ofs_y = 9}
};

/*---------------------
 *  CHARACTER MAPPING
 *--------------------*/



/*Collect the unicode lists and glyph_id offsets*/
static const lv_font_fmt_txt_cmap_t cmaps[] =
{
    {
        .range_start = 32, .range_length = 95, .glyph_id_start = 1,
        .unicode_list = NULL, .glyph_id_ofs_list = NULL, .list_length = 0, .type = LV_FONT_FMT_TXT_CMAP_FORMAT0_TINY
    }
};



/*--------------------
 *  ALL CUSTOM DATA
 *--------------------*/

#if LVGL_VERSION_MAJOR == 8
/*Store all the custom data of the font*/
static  lv_font_fmt_txt_glyph_cache_t cache;
#endif

#if LVGL_VERSION_MAJOR >= 8
static const lv_font_fmt_txt_dsc_t font_dsc = {
#else
static lv_font_fmt_txt_dsc_t font_dsc = {
#endif
    .glyph_bitmap = glyph_bitmap,
    .glyph_dsc = glyph_dsc,
    .cmaps = cmaps,
    .kern_dsc = NULL,
    .kern_scale = 0,
    .cmap_num = 1,
    .bpp = 4,
    .kern_classes = 0,
    .bitmap_format = 0,
#if LVGL_VERSION_MAJOR == 8
    .cache = &cache
#endif
};



/*-----------------
 *  PUBLIC FONT
 *----------------*/

/*Initialize a public general font descriptor*/
#if LVGL_VERSION_MAJOR >= 8
const lv_font_t ui_font_RajdhaniBold36 = {
#else
lv_font_t ui_font_RajdhaniBold36 = {
#endif
    .get_glyph_dsc = lv_font_get_glyph_dsc_fmt_txt,    /*Function pointer to get glyph's data*/
    .get_glyph_bitmap = lv_font_get_bitmap_fmt_txt,    /*Function pointer to get glyph's bitmap*/
    .line_height = 33,          /*The maximum line height required by the font*/
    .base_line = 6,             /*Baseline measured from the bottom of the line*/
#if !(LVGL_VERSION_MAJOR == 6 && LVGL_VERSION_MINOR == 0)
    .subpx = LV_FONT_SUBPX_NONE,
#endif
#if LV_VERSION_CHECK(7, 4, 0) || LVGL_VERSION_MAJOR >= 8
    .underline_position = -3,
    .underline_thickness = 2,
#endif
    .dsc = &font_dsc,          /*The custom font data. Will be accessed by `get_glyph_bitmap/dsc` */
#if LV_VERSION_CHECK(8, 2, 0) || LVGL_VERSION_MAJOR >= 9
    .fallback = NULL,
#endif
    .user_data = NULL,
};



#endif /*#if UI_FONT_RAJDHANIBOLD36*/

